RegionID,SizeRank,RegionName,RegionType,StateName,2018-01-31,2018-02-28,2018-03-31,2018-04-30,2018-05-31,2018-06-30,2018-07-31,2018-08-31,2018-09-30,2018-10-31,2018-11-30,2018-12-31,2019-01-31,2019-02-28,2019-03-31,2019-04-30,2019-05-31,2019-06-30,2019-07-31,2019-08-31,2019-09-30,2019-10-31,2019-11-30,2019-12-31,2020-01-31,2020-02-29,2020-03-31,2020-04-30,2020-05-31,2020-06-30,2020-07-31,2020-08-31,2020-09-30,2020-10-31,2020-11-30,2020-12-31,2021-01-31,2021-02-28,2021-03-31,2021-04-30,2021-05-31,2021-06-30,2021-07-31,2021-08-31,2021-09-30,2021-10-31,2021-11-30,2021-12-31,2022-01-31,2022-02-28,2022-03-31,2022-04-30,2022-05-31,2022-06-30,2022-07-31,2022-08-31,2022-09-30,2022-10-31,2022-11-30,2022-12-31,2023-01-31,2023-02-28,2023-03-31,2023-04-30,2023-05-31,2023-06-30,2023-07-31,2023-08-31,2023-09-30,2023-10-31,2023-11-30,2023-12-31,2024-01-31
102001,0,United States,country,,314795.0,314765.0,321000.0,319900.0,329000.0,332316.0,330400.0,334000.0,330115.0,330396.5,338900.0,341555.0,325007.0,327500.0,329990.0,330000.0,336000.0,332435.0,333650.0,332000.0,329108.5,330000.0,333352.0,337665.0,325723.0,327000.0,324000.0,318095.0,314900.0,321000.0,329990.0,337043.0,337632.0,344000.0,340000.0,345900.0,337490.0,343213.0,350000.0,355000.0,360000.0,366000.0,372517.5,378860.0,384000.0,396702.0,399900.0,412260.0,408112.5,410000.0,414900.0,422288.0,426073.5,429990.0,431275.0,430000.0,429900.0,430000.0,429900.0,425887.5,411085.0,409990.0,412790.0,418400.0,420000.0,417000.0,414990.0,418782.0,418000.0,420000.0,415000.0,420000.0,413860.0
394913,1,"New York, NY",msa,NY,577577.5,610000.0,587000.0,573275.0,599487.0,665000.0,645494.0,650000.0,575000.0,657875.0,600000.0,644221.0,614500.0,590000.0,635000.0,630000.0,667500.0,651680.0,645000.0,665000.0,645500.0,619500.0,659000.0,661862.0,599042.0,580900.0,640749.0,665000.0,641910.0,662500.0,675500.0,650000.0,637535.0,680000.0,700000.0,729000.0,611080.0,675000.0,717000.0,729000.0,775000.0,748845.0,729000.0,760000.0,770000.0,771911.5,750000.0,720000.0,716433.0,731080.0,769586.5,763125.0,749500.0,765000.0,773748.5,850000.0,757000.0,801865.0,799000.0,760000.0,800000.0,799900.0,799000.0,849000.0,860000.0,920000.0,886920.0,900000.0,915000.0,902500.0,935000.0,929990.0,890033.5
753899,2,"Los Angeles, CA",msa,CA,895000.0,790000.0,850000.0,865000.0,933750.0,908000.0,865250.0,969000.0,967292.0,934750.0,859000.0,885500.0,890000.0,899961.0,855000.0,900000.0,920000.0,853450.0,969500.0,1003000.0,919755.5,1127500.0,1100000.0,874000.0,964995.0,920000.0,1130000.0,1000000.0,975000.0,935000.0,1076500.0,995850.0,1089383.0,1065000.0,1159243.0,1028899.0,1250500.0,1115000.0,1190000.0,1205000.0,1250000.0,1283000.0,1260000.0,1299000.0,1339954.0,1273000.0,1247500.0,1250000.0,1349000.0,1205122.5,1298600.0,1580000.0,1599900.0,1650000.0,1475000.0,1500000.0,1565000.0,1488000.0,1290000.0,1119000.0,1275000.0,1192073.0,1400000.0,1317500.0,1489995.0,1350000.0,1338000.0,1589000.0,1598888.0,1377500.0,1224278.0,999990.0,1485000.0
394463,3,"Chicago, IL",msa,IL,360000.0,386745.0,366429.5,409000.0,408900.0,398490.0,400506.0,378245.0,385500.0,345000.0,349990.0,354900.0,382919.0,380000.0,382000.0,421754.5,429990.0,425000.0,436990.0,409000.0,389900.0,425000.0,367000.0,390000.0,389000.0,410000.0,393500.0,420000.0,373500.0,431000.0,389000.0,402850.0,410020.0,394340.0,365000.0,395000.0,424435.0,374000.0,432082.0,462360.0,413784.5,417890.0,459037.0,402982.5,396637.0,441834.5,404900.0,429500.0,408555.0,425896.0,426900.0,440995.0,411500.0,475537.5,456353.0,419000.0,431898.0,432552.5,436447.5,434950.0,414495.0,412000.0,446300.0,463990.0,481702.0,470000.0,454425.0,438108.0,436375.0,444009.0,439990.0,465000.0,455282.5
394514,4,"Dallas, TX",msa,TX,329870.5,329000.0,326997.5,326162.5,355000.0,356990.0,353720.5,353437.0,345128.5,354528.0,346000.0,340000.0,325000.0,327790.0,326900.0,330000.0,344645.0,340178.5,343672.5,330000.0,324900.0,331025.0,333164.0,344305.0,341745.0,339970.0,328500.0,322120.0,331000.0,332000.0,332207.0,337167.5,328000.0,332577.0,335820.0,324945.0,325275.0,329362.5,335000.0,350100.0,356900.0,351000.0,376593.0,382900.0,385912.5,385000.0,392344.5,398990.0,399033.5,405285.0,419150.0,427800.5,443594.5,466326.5,459990.0,443024.0,436950.0,446140.5,430000.0,432157.0,434900.0,414604.0,427500.0,439990.0,439994.5,437000.0,430000.0,430000.0,440000.0,412990.0,417000.0,420582.5,415000.0
394692,5,"Houston, TX",msa,TX,287000.0,280000.0,297969.5,295190.0,305190.5,309990.0,310123.0,300300.5,305769.0,299950.0,296000.0,309900.0,300000.0,297950.0,302900.0,301075.0,305538.0,305000.0,300000.0,318000.0,305000.0,294997.5,306036.0,310000.0,289000.0,307532.0,291770.0,297994.5,289999.0,304900.0,299999.0,296773.0,295990.0,299999.0,296422.5,305000.0,290290.0,294995.0,306990.0,306132.5,307888.0,321490.0,324718.5,327005.0,329990.0,336889.0,333157.0,340247.0,350420.0,355000.0,360900.0,364899.0,360925.0,364961.5,368775.0,375000.0,364990.0,364679.0,365000.0,364990.0,340000.0,338590.0,350000.0,355000.0,359990.0,355000.0,356480.0,359000.0,350000.0,349000.0,337995.0,358652.0,345000.0
395209,6,"Washington, DC",msa,VA,498389.5,479500.0,499797.5,486241.0,485060.0,510000.0,504887.0,530000.0,539348.0,530406.0,495161.5,550000.0,450885.5,443246.0,473865.0,522072.0,519340.0,525035.0,529532.0,539500.0,545610.0,499990.0,545000.0,546490.0,585000.0,548979.0,549000.0,552415.0,550327.0,534990.0,599034.01,581580.5,597900.0,550000.0,546825.5,570592.5,529900.0,576685.0,564995.0,564238.0,564937.5,559500.0,582495.0,575000.0,588240.0,593945.0,597617.5,615000.0,617695.0,610000.0,628790.0,612835.0,633875.0,622417.5,606704.5,587487.5,574755.0,582832.5,585000.0,591230.0,551920.0,579900.0,585520.0,574990.0,599990.0,599990.0,611189.0,618488.0,595000.0,574990.0,607770.0,613990.0,630495.0
394974,7,"Philadelphia, PA",msa,PA,412150.0,383750.0,400000.0,430000.0,419900.0,429900.0,441999.0,430000.0,405000.0,430250.0,436180.0,417450.0,418876.5,421718.0,430000.0,430815.0,423000.0,432905.0,417565.0,409995.0,413510.5,400000.0,403817.0,420000.0,388415.0,380000.0,405500.0,410997.5,418000.0,419900.0,415000.0,422350.0,429000.0,439990.0,421914.0,425048.5,436870.0,444105.0,450000.0,458493.5,474990.0,475707.5,510504.0,485000.0,483282.5,485000.0,503694.0,515062.5,514521.0,486205.0,510000.0,508391.5,515396.5,540000.0,530265.0,489995.0,530340.0,542000.0,499990.0,529695.0,519405.0,495000.0,533918.0,549450.0,533693.0,535237.5,509990.0,505135.0,521502.5,520710.0,504620.0,528875.0,543210.0
394856,8,"Miami, FL",msa,FL,440800.0,402000.0,359995.0,368730.0,355000.0,375000.0,368900.0,372000.0,359500.0,349000.0,372400.0,366905.0,340000.0,372500.0,388502.5,412000.0,441069.5,415000.0,451422.5,436900.0,501990.0,450000.0,492000.0,455792.0,497870.0,420804.0,484208.5,429000.0,431650.0,429999.0,497000.0,487386.0,463745.0,492930.0,502500.0,490250.0,458500.0,440000.0,570000.0,465000.0,645000.0,513305.0,553000.0,480000.0,512784.0,506291.5,544800.0,620000.0,561000.0,640000.0,640760.0,650000.0,595000.0,600625.0,565181.0,589595.0,560000.0,573000.0,574272.5,618000.0,669000.0,639115.0,705000.0,752263.0,700000.0,752900.0,778207.5,655000.0,725000.0,750000.0,807505.0,842430.0,817785.0
394347,9,"Atlanta, GA",msa,GA,249045.0,260310.0,279900.0,272000.0,279900.0,284500.0,278000.0,271775.0,299995.0,307200.0,299990.0,289380.0,279000.0,286900.0,292960.0,298657.5,306446.0,304945.0,309575.0,300000.0,315590.0,305500.0,303760.0,309900.0,294900.0,309990.0,305890.0,308650.0,296990.0,309990.0,303000.0,301908.0,319900.0,315457.0,317500.0,330000.0,303660.0,316440.0,339403.0,324024.5,361695.0,355150.0,360882.5,364800.0,356275.0,373255.0,375000.0,399202.5,399990.0,399900.0,419900.0,432035.0,444950.0,463767.0,450000.0,448550.0,456032.0,449480.0,444240.0,445000.0,425900.0,440299.5,432420.0,436800.0,450000.0,434900.0,440000.0,439450.0,450480.0,448920.0,456810.0,440153.0,439300.0
394404,10,"Boston, MA",msa,MA,609292.5,599900.0,618275.0,604933.0,566700.0,585000.0,632166.5,669000.0,654703.0,649000.0,650000.0,681000.0,640000.0,601300.0,649900.0,656000.0,677692.5,645000.0,700000.0,654900.0,649000.0,682450.0,638000.0,622450.0,682450.0,660000.0,654950.0,650000.0,646165.0,599900.0,700000.0,679755.0,642700.0,639000.0,658675.5,650000.0,726000.0,685000.0,700596.0,696340.0,714180.0,675000.0,685000.0,695000.0,770323.0,803898.0,751000.0,849000.0,767000.0,785527.5,741125.0,835000.0,850000.0,827071.5,845000.0,846402.5,816038.0,848755.0,868086.0,820590.0,825000.0,840000.0,839900.0,865900.0,887500.0,848995.0,905000.0,880000.0,870000.0,890000.0,859900.0,859900.0,894000.0
394976,11,"Phoenix, AZ",msa,AZ,316445.0,330000.0,309478.0,308265.5,338990.0,314385.0,314194.5,321500.0,313389.0,333046.0,329990.0,320990.0,333303.5,332990.0,334790.0,340920.5,351000.0,343490.0,339990.0,327446.0,318990.0,336745.0,315364.5,330000.0,332999.0,322442.5,318567.0,318090.0,317990.0,330090.0,343990.0,360128.0,358000.0,369476.0,354130.0,351336.5,355995.0,356040.0,371489.5,394815.5,395000.0,387995.0,400900.0,410000.0,420000.0,440000.0,429900.0,431088.0,460000.0,447085.0,466680.0,465000.0,469385.0,466306.0,464995.0,456990.0,459261.0,450151.0,448732.5,436413.5,434990.0,432000.0,430000.0,445770.0,449995.0,449995.0,444350.0,434997.5,435000.0,449990.0,434900.0,435000.0,439992.5
395057,12,"San Francisco, CA",msa,CA,845000.0,902000.0,843500.0,875000.0,941000.0,958500.0,974500.0,974387.0,990000.0,1100000.0,991249.5,1125000.0,1078500.0,1132500.0,1139750.0,1250000.0,1170750.0,1151000.0,1162000.0,1124190.0,939500.0,1089000.0,1029190.0,803000.0,999880.0,955000.0,1065000.0,1150000.0,989000.0,848500.0,1070000.0,1104500.0,1103000.0,1020000.0,984500.0,978500.0,972000.0,1036574.0,1000000.0,1223000.0,1212768.5,1286940.0,1449500.0,1387926.0,1280000.0,1342500.0,950000.0,972463.5,900000.0,935000.0,960000.0,958000.0,994500.0,1220000.0,1197000.0,1306500.0,909165.0,992500.0,973958.0,1215265.0,1238000.0,1145000.0,1175000.0,1220750.0,1030000.0,1224137.0,1104000.0,1166250.0,1087430.0,1182500.0,950000.0,1145000.0,1021500.0
395025,13,"Riverside, CA",msa,CA,456000.0,436750.0,447500.0,449500.0,441500.0,450000.0,430000.0,456000.0,440036.5,456000.0,478000.0,439000.0,455000.0,454480.0,445000.0,445500.0,437500.0,441282.5,440000.0,443800.0,438385.0,449000.0,440000.0,450000.0,438500.0,434903.5,444080.0,456500.0,440000.0,455000.0,463190.0,470000.0,470000.0,493490.0,454705.0,495000.0,465990.0,486047.5,503506.5,484000.0,515250.0,510000.0,546685.0,522000.0,543490.0,559000.0,581898.5,545000.0,510000.0,551000.0,564500.0,580000.0,590000.0,609350.0,603500.0,606876.5,585500.0,567580.0,568105.0,565990.0,585000.0,577978.5,564900.0,558653.5,572495.0,569785.0,569079.5,575909.0,566357.0,595289.0,576817.5,587062.5,591840.0
394532,14,"Detroit, MI",msa,MI,324497.5,340000.0,330412.0,364537.0,340000.0,334900.0,330286.5,359900.0,342104.0,322380.5,348000.0,357000.0,344365.0,340000.0,364230.0,344900.0,385000.0,360682.5,375000.0,354545.0,351213.0,367665.0,333121.5,344391.5,380000.0,350500.0,349500.0,360000.0,371500.0,369417.5,367000.0,384110.0,380538.0,387137.5,324905.0,375000.0,338762.5,370000.0,355000.0,404392.5,372000.0,357500.0,420000.0,391000.0,430000.0,430000.0,430330.0,412425.0,352287.5,419610.0,458225.0,408200.0,438992.0,395000.0,431675.0,403238.0,412930.0,397861.5,452025.0,445000.0,429995.0,465292.5,389995.0,415900.0,429990.0,433500.0,429210.0,470000.0,432300.5,449315.0,478755.0,445705.0,422512.5
395078,15,"Seattle, WA",msa,WA,599990.0,555000.0,544669.0,604986.5,579520.0,603038.0,588966.5,569950.0,609744.5,609000.0,589815.0,615062.5,597960.5,609950.0,605000.0,600000.0,636000.0,649950.0,634915.0,625000.0,645000.0,645000.0,629950.0,654950.0,640000.0,665000.0,660000.0,655000.0,639000.0,699898.5,680000.0,669999.5,699972.5,699880.0,679950.0,697999.0,669415.0,669950.0,684995.0,699684.5,714990.0,709902.5,740000.0,746722.5,734950.0,763384.5,749950.0,754950.0,769341.0,759950.0,789950.0,822000.0,844475.0,841383.0,910825.0,827950.0,849975.0,809950.0,780000.0,802400.0,800872.0,749995.0,752377.0,819950.0,824900.0,825000.0,797475.0,799745.0,829990.0,794500.0,828450.0,832000.0,799950.0
394865,16,"Minneapolis, MN",msa,MN,357360.5,369415.0,354532.0,359900.0,393321.0,383900.0,370100.0,376919.5,377682.0,369351.0,393063.0,409526.5,378550.0,393260.0,367204.0,367000.0,384995.5,380000.0,380000.0,391278.0,389995.0,385263.0,399970.0,408995.0,391381.0,387000.0,389900.0,389695.0,393120.0,403500.0,394995.0,402209.0,405000.0,401724.0,408660.0,418925.0,393120.0,414990.0,432740.0,434995.0,419185.0,428422.405,432448.0,440800.0,442500.0,468936.0,476933.0,476555.0,476180.0,484000.0,479900.0,474995.0,485675.0,495285.0,487806.0,500000.0,506197.0,504873.0,517286.0,528514.0,515867.0,485132.5,463410.0,448925.0,459210.0,470000.0,492507.5,488000.0,485635.0,484995.0,499990.0,499620.0,492750.0
395056,17,"San Diego, CA",msa,CA,730500.0,641000.0,735250.0,847500.0,736000.0,807250.0,820000.0,721000.0,720500.0,800000.0,783000.0,706250.0,667500.0,704000.0,795000.0,728000.0,758000.0,722586.0,792976.0,767500.0,685000.0,771750.0,704950.0,690000.0,749000.0,752000.0,764000.0,772000.0,830000.0,642000.0,794265.0,747230.0,827504.0,900000.0,984900.0,845952.5,900000.0,990000.0,893407.5,944950.0,930000.0,846000.0,953898.0,831000.0,926055.0,1065000.0,810000.0,1111914.0,1390795.0,1025000.0,886000.0,,1742500.0,1250000.0,1093500.0,1070808.5,1300000.0,997500.0,798377.0,839475.0,932000.0,765005.5,959900.0,851490.0,910000.0,1008789.0,1182500.0,920000.0,832417.0,925000.0,843980.0,832725.0,811495.0
395148,18,"Tampa, FL",msa,FL,270900.0,269430.0,279800.0,292804.0,275000.0,286700.0,267900.0,279500.0,265045.0,281985.0,274990.0,280200.0,279055.0,274495.0,274200.0,268990.0,266000.0,265940.0,277000.0,259445.0,278000.0,289000.0,288970.0,301000.0,279990.0,284070.0,283490.0,286990.0,286915.0,292190.0,290000.0,307995.0,291700.0,297775.0,292725.0,307807.0,289500.0,312549.0,306990.0,315000.0,305371.0,321220.0,335495.0,348992.5,350000.0,366975.0,368635.0,389265.0,381105.0,399990.0,395995.0,415485.0,413107.5,430247.5,435000.0,434260.0,437890.0,409995.0,400100.0,409990.0,400000.0,386902.5,390125.0,404990.0,396990.0,404990.0,409990.0,410220.0,427550.0,424995.0,398295.0,423485.0,385750.0
394530,19,"Denver, CO",msa,CO,490000.0,499999.5,500072.5,509003.0,510711.0,514745.0,525000.0,504507.5,510000.0,507731.0,481775.5,475000.0,492115.0,503229.5,496545.0,529900.0,545600.0,539900.0,530175.0,522500.0,510000.0,518250.0,499000.0,486007.0,496600.0,499950.0,499495.0,509032.5,500000.0,502407.0,505677.5,515000.0,512500.0,523995.0,526202.5,494995.0,507755.0,499300.0,517000.0,549455.0,522500.0,538950.0,537600.0,576750.0,545000.0,583935.0,618000.0,595000.0,584407.5,602490.0,622900.0,645501.0,661200.0,654692.5,665000.0,677450.0,660800.0,666985.0,650000.0,674990.0,626557.5,645500.0,630000.0,653770.0,650212.0,644990.0,655000.0,642499.5,626300.0,608000.0,615000.0,600000.0,621107.5
394358,20,"Baltimore, MD",msa,MD,423245.0,452509.0,415000.0,450968.0,453019.5,427404.5,430000.0,389563.5,428826.5,419663.0,409541.0,440000.0,405912.5,431358.5,420450.0,441995.0,411340.0,419301.5,415000.0,418390.0,437265.0,479995.0,409330.5,397495.0,425000.0,443530.0,431170.0,430340.0,424500.0,439790.0,447670.5,455000.0,465219.0,465495.0,455040.0,477495.0,450000.0,484446.5,463442.5,506785.0,486422.0,494160.0,528452.0,529940.0,524314.5,540078.0,540870.0,581995.0,511851.0,513974.5,562377.0,590352.5,573858.5,523694.5,505655.0,536365.0,534990.0,568995.0,541240.0,521945.0,526942.5,565962.5,562450.5,579990.0,565000.0,600000.0,553055.0,560365.0,563602.5,587125.0,546525.0,600287.5,537487.5
395121,21,"St. Louis, MO",msa,MO,275961.5,276410.0,272471.5,280817.5,255832.0,285685.0,286792.0,269405.0,294208.0,297000.0,298641.5,318748.0,266500.0,276886.0,285000.0,264083.0,270000.0,299500.0,285000.0,291000.0,290900.0,312950.0,299700.0,266602.0,263100.0,270000.0,283816.0,271000.0,275000.0,292000.0,294900.0,303469.5,285000.0,305750.0,312011.5,290177.5,297750.0,296371.0,305125.0,327750.0,319900.0,321999.5,319000.0,322545.0,331968.0,336897.0,348754.0,362905.15,346150.5,369550.0,368956.0,370403.0,419950.0,403317.5,389950.0,370599.5,381725.0,427620.0,388980.0,403500.0,373450.0,326307.0,357000.0,383667.0,379700.0,385000.0,379729.0,386400.0,356117.0,365275.0,412000.0,397737.5,364090.0
394943,22,"Orlando, FL",msa,FL,307100.0,306000.0,328000.0,330000.0,315000.0,327785.0,332050.0,336366.0,329500.0,317180.5,319600.0,325082.0,315025.0,329287.5,318855.0,321700.0,296775.0,295300.0,311110.0,310000.0,302200.0,299900.0,323800.0,305000.0,301400.0,310000.0,309200.0,315000.0,312300.0,320000.0,316325.0,336871.0,325000.0,343175.0,330000.0,323500.0,329995.0,340425.0,342100.0,338902.5,350000.0,365320.0,372198.0,375000.0,391240.0,401597.0,389950.0,386395.0,394617.5,392935.0,401105.0,427990.0,415641.0,420990.0,424600.0,415800.0,453490.0,449089.0,434888.5,425565.0,415500.0,424365.0,419000.0,432000.0,439995.0,433024.0,429230.0,430370.0,431995.0,446937.0,429995.0,438490.0,436000.0
394458,23,"Charlotte, NC",msa,NC,315259.5,299900.0,302500.0,305000.0,314999.5,333000.0,331000.0,314000.0,316574.0,316900.0,336000.0,307250.0,304410.0,312000.0,318250.0,309827.5,333000.0,325500.0,329250.0,320825.0,310000.0,323000.0,307000.0,324322.5,306750.0,311000.0,334990.0,330000.0,320000.0,323250.0,328762.5,335000.0,330977.0,348927.0,335000.0,321935.0,347091.0,354900.0,360000.0,365000.0,360299.0,359990.0,358670.5,374970.0,364540.0,375000.0,417815.0,414500.0,418245.0,419900.0,432720.0,435957.5,435210.0,438500.0,441624.5,456509.5,449439.5,462220.0,450000.0,448730.0,420149.5,407350.0,422560.0,418000.0,426225.0,403000.0,409990.0,403390.0,414990.0,418030.0,400595.0,400000.0,409285.0
395055,24,"San Antonio, TX",msa,TX,260949.5,263499.0,275480.0,271495.0,282972.0,268400.0,263505.0,275303.5,263990.0,274400.0,269900.0,282989.0,271907.0,268000.0,267282.0,258075.0,259450.0,256900.0,265000.0,256182.0,259990.0,262499.0,262500.0,274999.5,248335.0,253500.0,250770.5,247900.0,251899.0,259000.0,261060.0,265900.0,267900.0,265450.0,264900.0,274900.0,274900.0,265100.0,268000.0,278499.0,277415.0,286359.5,287625.0,287000.0,298547.5,325000.0,319990.0,324945.0,321900.0,310900.0,320900.0,320900.0,332800.0,340249.5,326802.5,330968.5,329950.0,327755.0,329990.0,345990.0,317999.5,307850.0,321000.0,322475.0,311290.0,318805.0,320150.0,321245.0,320990.0,319995.0,294950.0,330975.0,292990.0
394998,25,"Portland, OR",msa,OR,459990.0,427735.0,439900.0,443458.5,470000.0,470500.0,473743.0,480197.5,454900.0,490000.0,496045.5,480000.0,465000.0,475000.0,470496.5,465000.0,459950.0,441846.0,441500.0,447525.0,451400.0,458900.0,456997.5,464900.0,466625.0,464243.0,454900.0,453647.5,442950.0,450575.0,470000.0,482396.0,487000.0,509900.0,508900.0,497428.0,472900.0,472150.0,481400.0,479409.5,481700.0,486450.0,497075.0,507815.0,519900.0,545800.0,543929.0,535822.0,561591.5,538878.0,569950.0,582461.5,581798.0,593950.0,604340.0,602188.5,600140.0,619900.0,589900.0,560000.0,546000.0,570561.0,589930.0,599475.0,593200.0,599900.0,592400.0,557107.0,541900.0,574980.0,591485.0,587178.0,550000.0
395045,26,"Sacramento, CA",msa,CA,454045.0,470000.0,479000.0,501250.0,480500.0,488500.0,489000.0,483000.0,499000.0,503000.0,495000.0,504255.0,489000.0,494250.0,488500.0,510500.0,497000.0,520000.0,519000.0,500000.0,535500.0,500000.0,499000.0,515000.0,493750.0,515000.0,521750.0,530250.0,504750.0,541250.0,540000.0,519500.0,556000.0,569750.0,522068.0,528500.0,524500.0,547536.0,549000.0,583500.0,577000.0,567500.0,555000.0,605000.0,551000.0,612000.0,666363.0,627000.0,648000.0,650000.0,661750.0,679250.0,667250.0,686637.0,695500.0,700000.0,696750.0,691500.0,629000.0,659995.0,588574.0,607500.0,620369.0,621100.0,629000.0,744380.0,699999.0,691500.0,675000.0,689000.0,647000.0,720348.0,690000.0
394982,27,"Pittsburgh, PA",msa,PA,303375.0,318961.0,319032.5,336897.5,336087.5,300000.0,308459.5,310452.5,310000.0,276635.0,301643.0,335000.0,341524.5,298400.0,330000.0,309950.0,303175.0,309990.0,327120.0,346656.5,308490.0,337495.0,349900.0,340000.0,313950.0,354990.0,305000.0,325000.0,385000.0,329175.0,341213.5,338000.0,327752.5,362807.5,338940.5,413205.0,378277.5,375000.0,358255.0,378003.5,410345.0,383410.0,391990.0,493256.0,429990.0,389825.0,429990.0,396427.0,404878.0,387655.0,459990.0,460495.0,446980.0,444470.0,466436.0,449990.0,455931.0,470350.0,376685.0,428270.0,500000.0,417950.0,427445.0,405239.0,437745.0,467975.0,402719.5,410000.0,402625.0,396246.0,449995.0,402000.0,438700.0
394466,28,"Cincinnati, OH",msa,OH,249900.0,243327.0,299900.0,254815.0,263900.0,252000.0,249900.0,233570.0,240900.0,268800.0,339010.0,310475.0,303516.5,281366.0,291132.5,245000.0,270000.0,269722.0,299990.0,303158.0,319000.0,300000.0,315000.0,319900.0,305000.0,275965.0,283794.0,342858.0,325000.0,294273.5,305000.0,298155.5,317777.5,319393.0,292117.5,320000.0,314383.5,341717.0,325494.5,329000.0,377587.0,347145.0,350000.0,354277.0,368566.0,383717.0,390259.0,402319.0,407838.0,419900.0,392404.0,386197.0,417715.0,392026.0,424990.0,377804.5,369900.0,375000.0,381169.0,393713.5,389732.0,381916.0,374900.0,379500.0,390450.0,399473.0,433450.0,397752.0,372400.0,414900.0,377114.0,415975.5,365362.5
394355,29,"Austin, TX",msa,TX,305222.0,297490.0,309262.0,310000.0,319037.0,320000.0,326691.0,339000.0,314519.0,317161.0,314495.0,325158.0,305185.5,317165.0,316000.0,324945.0,319900.0,314000.0,317100.0,327510.0,324690.5,318550.0,299990.0,309990.0,309990.0,305000.0,310000.0,312272.5,309035.0,306130.0,319495.0,319950.0,333000.0,339995.0,329609.0,345206.0,332819.0,319190.0,334502.5,356965.0,348040.0,360820.0,385000.0,407990.0,405070.0,452900.0,475000.0,475549.0,474645.0,466173.0,490000.0,478563.5,466000.0,496692.0,486104.0,475000.0,457840.0,467890.0,470900.0,468233.5,444999.0,426175.5,445875.0,459450.0,449990.0,469476.0,452649.0,445990.0,453938.0,423520.0,411882.5,443900.0,425847.5
394775,30,"Las Vegas, NV",msa,NV,342751.0,358336.0,356021.5,375449.0,369995.0,385560.0,385560.0,399503.0,383292.5,395000.0,381914.5,409197.0,393729.5,410875.0,393111.0,403000.0,408235.0,393385.0,360059.5,370570.0,365000.0,387235.5,375000.0,379174.0,364425.0,366265.0,364785.0,375171.5,370000.0,364569.5,384702.0,394720.0,389528.5,410595.0,390000.0,399323.0,402609.0,414674.0,392995.0,411000.0,440444.0,496893.0,415987.5,454835.5,433500.0,476500.0,454525.5,440954.5,460084.0,451299.5,451244.0,506895.5,513796.0,514974.0,501738.0,497268.5,478990.0,479950.0,465000.0,474995.0,435648.0,443485.5,459750.0,467262.0,450495.0,458990.0,480938.0,465000.0,462990.0,471237.5,469950.0,453327.0,459738.0
394735,31,"Kansas City, MO",msa,MO,364170.0,325000.0,340472.5,343000.0,350000.0,358069.0,362465.0,379900.0,377380.0,384885.0,371660.0,381000.0,353900.0,361391.5,362250.0,358000.0,369323.5,363950.0,377900.0,350000.0,383000.0,356556.5,396000.0,399993.0,394175.0,364900.0,364925.0,380900.0,359970.0,390000.0,393574.0,394985.0,395480.0,398050.0,403600.0,398120.0,388300.0,415212.0,405000.0,429240.0,442030.0,456950.0,442074.5,448358.0,458538.0,459577.0,455721.0,460000.0,456792.5,484950.0,475000.0,459950.0,497475.0,519975.0,517348.0,528080.0,579940.0,545307.5,539950.0,531118.0,538283.0,500000.0,525000.0,514785.0,506890.0,530533.0,525000.0,500000.0,529950.0,513665.0,524739.5,509900.0,527500.0
394492,32,"Columbus, OH",msa,OH,327500.0,324400.0,315590.5,305900.0,328200.0,322045.0,347075.0,412200.0,380000.0,327382.0,371300.0,373800.0,317000.0,320650.0,325400.0,334000.0,338000.0,335000.0,373250.0,355995.0,334098.5,376000.0,329050.0,355095.0,372200.0,339900.0,349000.0,349990.0,325000.0,353900.0,379990.0,346500.0,369427.5,341100.0,342600.0,346700.0,382175.0,350332.5,368226.0,387736.5,399900.0,395740.0,425000.0,396300.0,375195.0,385020.0,424750.0,430811.5,412736.5,421440.0,428900.0,448900.0,433150.0,426100.5,457502.0,450900.0,460315.0,488275.0,473380.0,470330.0,485575.0,482753.5,477830.0,469000.0,484070.0,467070.0,481972.5,484515.0,464990.0,479740.5,481200.0,450724.0,454335.0
394705,34,"Indianapolis, IN",msa,IN,270000.0,299190.0,320598.0,318750.0,331200.0,320796.0,314757.5,319945.0,313415.0,312098.0,344500.0,340590.0,345000.0,337900.0,333000.0,325000.0,318033.0,337800.0,310000.0,319995.0,298790.0,324500.0,337000.0,339636.0,334740.0,316495.0,323000.0,329460.0,329000.0,310912.0,321495.5,320980.0,326495.0,326335.0,329375.0,326500.0,325000.0,334500.0,325000.0,335000.0,339487.5,350427.0,355000.0,346490.0,350000.0,386310.0,383400.0,376763.0,365650.0,392217.5,386947.5,394975.0,394590.0,379242.5,390436.0,385915.0,389990.0,409995.0,400000.0,399995.0,404900.0,394450.0,399450.0,400000.0,394365.0,384995.0,374747.5,395000.0,404675.0,398125.0,386000.0,384500.0,369250.0
394475,35,"Cleveland, OH",msa,OH,291821.5,271995.0,284550.0,274900.0,313100.0,260095.0,278477.5,247200.0,239000.0,290092.5,276150.0,290817.0,267500.0,265702.5,272650.0,244990.0,262012.5,267500.0,278625.0,310877.5,297200.0,274675.5,292763.0,364400.0,304037.0,296100.0,317000.0,289080.0,305000.0,300455.0,370000.0,297464.0,288560.0,349900.0,278194.0,301293.0,307405.0,400946.5,335000.0,361881.0,346170.0,431158.0,321750.0,280620.0,346720.0,393100.0,387831.5,360870.0,387335.0,371799.0,431867.5,402085.0,423740.0,353000.0,345913.0,397445.0,400000.0,422500.0,395035.0,432135.0,435000.0,543400.0,467992.5,489825.0,410000.0,423029.5,444032.5,465732.5,460000.0,465000.0,485647.0,453309.0,473190.0
395059,36,"San Jose, CA",msa,CA,,,,,,,,,,,,,,,,,,,,,,,,,,,,,,,,,,,,,,,,,,,,,,,,,,,,,,,,,,,,,,1257830.0,1300000.0,1368755.0,1319296.5,1854792.5,1327750.0,1196500.0,1799619.0,1945000.0,1412500.0,1749980.0,1170000.0
394902,37,"Nashville, TN",msa,TN,316161.0,332130.0,345988.5,339000.0,353000.0,366630.0,362500.0,372216.0,365000.0,379267.0,379999.0,369608.0,349800.0,338000.0,359000.0,369950.0,363296.0,359900.0,354999.0,363472.0,372400.0,374900.0,385000.0,371500.0,345867.0,359450.0,374949.5,369445.0,355029.5,359194.5,349000.0,351170.0,351550.0,354950.0,363686.0,354990.0,352000.0,364531.5,370220.5,380900.0,400000.0,405572.5,398412.5,401938.5,411705.0,418200.0,410545.0,436582.0,407389.0,449900.0,433133.0,460000.0,470605.0,460604.0,479006.5,453899.0,460865.0,499990.0,487730.0,467536.0,457654.0,474135.0,476695.0,460077.5,460725.0,475488.0,469990.0,469990.0,469600.0,466325.0,459990.0,469900.0,450000.0
395194,38,"Virginia Beach, VA",msa,VA,288380.0,285000.0,294000.0,290780.0,298185.0,325000.0,310000.0,325000.0,324900.0,320450.0,339527.5,319900.0,292540.0,311980.0,299250.0,307392.5,309990.0,310750.0,331140.5,323400.0,314380.0,334500.0,325000.0,347912.5,309305.0,308745.0,316000.0,322200.0,314900.0,314012.5,314900.0,317450.0,324900.0,315055.0,332000.0,341760.0,324950.0,335400.0,342135.0,359570.0,392902.5,367337.5,376032.5,361727.0,390460.0,389990.0,378255.0,409515.0,396950.0,396868.0,404995.0,412366.5,420000.0,420190.0,453030.5,412867.5,415615.0,428055.0,430895.0,425118.0,375580.0,399749.0,404950.0,419000.0,427898.0,452284.0,400520.0,428470.0,388000.0,416750.0,399500.0,397990.0,397322.5
395005,39,"Providence, RI",msa,RI,341400.0,372400.0,365908.0,367450.0,377450.0,444500.0,399900.0,385000.0,394000.0,387500.0,401873.0,386500.0,415000.0,417750.0,440000.0,357450.0,399000.0,396950.0,395700.0,399900.0,371450.0,400000.0,395045.0,385000.0,385000.0,352000.0,464250.0,399900.0,419900.0,396710.0,419000.0,415900.0,416000.0,489450.0,465000.0,447250.0,444848.0,415000.0,434185.0,452330.0,451308.5,492474.0,499000.0,520900.0,481000.0,491872.0,533846.0,512500.0,530500.0,519000.0,520000.0,474000.0,500000.0,550000.0,563850.0,558785.0,489950.0,549900.0,594750.0,580000.0,580235.0,612500.0,505936.5,584212.5,550000.0,530000.0,595000.0,554500.0,624900.0,580000.0,625000.0,532450.0,599900.0
394714,40,"Jacksonville, FL",msa,FL,284860.5,280000.0,287682.0,271000.0,290000.0,282571.5,308426.0,294900.0,289990.0,280000.0,309448.0,304764.0,284080.0,290627.5,283970.0,289300.0,290750.0,289990.0,300000.0,300000.0,281200.0,285000.0,274420.0,290100.0,283881.0,283745.0,281283.0,280249.5,291990.0,285900.0,297740.0,293945.0,295820.0,294990.0,299900.0,304950.0,298350.0,286450.0,306900.0,319350.0,315600.0,322856.5,349845.0,338845.0,350700.0,341000.0,377995.0,389995.0,391340.0,389689.5,394937.5,384513.5,388500.0,380990.0,384995.0,386126.0,381200.0,384812.5,377635.0,406990.0,361885.0,363445.0,374990.0,376495.0,399865.0,382490.0,395000.0,386995.0,380900.0,397564.0,387007.5,399475.0,372880.0
394862,41,"Milwaukee, WI",msa,WI,,,,,,,,,,,,,,,,472900.0,370000.0,415800.0,349900.0,382700.0,383900.0,355880.0,398100.0,402167.5,406200.0,429900.0,420000.0,410650.0,416600.0,466924.5,430900.0,432590.0,449900.0,459900.0,464900.0,487000.0,450000.0,397400.0,437545.0,497512.0,454947.5,479900.0,451900.0,481189.0,465900.0,475320.5,504500.0,486199.5,469785.0,490000.0,469900.0,506244.5,538945.0,539990.0,549900.0,513900.0,560688.0,512490.0,545922.0,540250.0,473250.0,544900.0,532752.5,499695.0,572605.0,544150.0,528887.5,540573.0,505136.5,592199.0,596763.5,573547.0,582000.0
394935,42,"Oklahoma City, OK",msa,OK,164500.0,192000.0,185000.0,190000.0,216297.5,238500.0,226975.0,218000.0,221170.0,233000.0,229450.0,231080.0,218805.0,218240.0,237500.0,235343.5,236995.0,263750.0,255726.0,258620.0,260000.0,237999.5,258923.5,255750.0,234900.0,249250.0,246560.0,234270.0,250500.0,268700.0,257000.0,269500.0,254500.0,275000.0,264900.0,257049.0,239900.0,265250.0,269940.0,277070.0,279345.0,285979.0,287867.5,292501.0,292498.5,295000.0,303145.0,291035.0,286500.0,317000.0,310000.0,324165.0,335000.0,344550.0,353335.0,355000.0,329037.5,334997.5,324790.0,337450.0,317840.0,308265.0,352289.5,325840.0,349999.0,342107.0,349949.5,319900.0,323630.0,348000.0,325990.0,316977.0,344840.0
395012,43,"Raleigh, NC",msa,NC,287000.0,292750.0,320000.0,325000.0,329500.0,319500.0,323933.0,328000.0,325750.0,329250.0,345450.0,339875.0,351000.0,335500.0,336500.0,322775.0,340000.0,345500.0,337000.0,350000.0,349000.0,334811.0,355843.0,335000.0,332500.0,330000.0,333500.0,336900.0,343500.0,343000.0,333900.0,341750.0,344570.0,335200.0,352000.0,330125.0,324000.0,320910.0,344430.0,364308.5,357075.0,361425.5,373500.0,364000.0,379260.0,395000.0,392750.0,395200.0,421000.0,400000.0,416635.5,442482.5,445000.0,450000.0,452811.5,477173.0,462158.0,465000.0,471819.0,469900.0,457500.0,442900.0,426500.0,445000.0,436400.0,434990.0,439310.0,438170.0,459670.0,433475.0,435042.5,452645.0,414900.0
394849,44,"Memphis, TN",msa,TN,299900.0,280700.0,282563.0,297740.0,275625.0,308047.0,285000.0,290145.0,273000.0,324259.0,302723.5,293000.0,304140.0,318602.0,286133.0,310122.5,328000.0,329900.0,271215.0,299900.0,294750.0,304492.5,289575.0,322225.0,314900.0,355215.0,305000.0,339950.0,299900.0,294900.0,307000.0,319900.0,335986.5,329900.0,378684.0,312900.0,305000.0,355000.0,351289.5,362100.0,362900.0,345900.0,335000.0,379570.0,368322.5,390000.0,382900.0,394400.0,335000.0,329692.5,355450.0,380000.0,363450.0,365865.0,364900.0,395700.0,369900.0,350000.0,381150.0,381600.0,394900.0,419950.0,399950.0,429900.0,379900.0,377825.0,359900.0,387050.0,360950.0,371900.0,366370.0,370495.0,399475.0
395022,45,"Richmond, VA",msa,VA,321400.0,310717.0,310000.0,279990.0,300374.0,319395.0,340035.0,335500.0,308450.0,354950.0,359554.5,356451.0,288807.0,314250.0,315000.0,300920.0,322487.0,342950.0,361465.0,369938.0,352931.0,352825.0,365906.5,351767.0,319395.0,341003.5,343350.0,332455.0,351170.0,372031.0,357546.0,351865.0,345900.0,360326.5,361212.5,370495.0,340125.0,340150.0,367015.0,382090.0,365189.0,381000.0,386506.0,387035.5,387500.0,394520.0,389353.0,394351.0,430000.0,444745.0,415347.5,441341.0,449664.0,426887.5,450000.0,454955.0,451200.0,437479.5,464900.0,394925.0,434842.0,450576.0,406000.0,450000.0,438205.0,448000.0,438976.0,449487.5,414427.0,437632.5,466585.0,438847.5,442760.0
394807,46,"Louisville, KY",msa,KY,259995.0,271882.0,259900.0,263991.5,264950.0,264234.0,246285.0,250000.0,265000.0,259325.0,289450.0,267070.5,312416.0,275000.0,293900.0,247500.0,262500.0,272897.5,295900.0,274750.0,259900.0,280000.0,289500.0,279545.0,280600.0,293151.0,282400.0,276336.5,290000.0,289900.0,273150.0,294369.0,274000.0,281901.5,307000.0,298437.5,297725.0,278986.31,311304.0,291949.0,298889.0,315814.0,332475.0,310200.0,337580.0,341556.0,330877.5,342400.0,329900.0,338200.0,333950.0,341665.0,344845.0,331110.0,359900.0,364950.0,344918.0,363478.0,328200.0,330409.5,349002.5,344950.0,325000.0,345000.0,351900.0,350325.0,351736.5,339898.5,322350.0,337450.0,373349.0,357823.5,353354.5
394910,47,"New Orleans, LA",msa,LA,217900.0,205000.0,249950.0,207500.0,189900.0,240740.0,207000.0,212000.0,210000.0,220500.0,257500.0,228750.0,181220.0,201500.0,195000.0,217250.0,219375.0,249450.0,241450.0,238500.0,254620.0,233807.5,260450.0,249000.0,234555.0,218000.0,230000.0,270750.0,248900.0,245900.0,256700.0,255000.0,283900.0,284900.0,288000.0,295000.0,274900.0,305000.0,292500.0,296250.0,293635.0,330650.0,299499.5,323075.0,350000.0,310000.0,329000.0,330000.0,312500.0,295000.0,300000.0,315000.0,312500.0,297365.0,300000.0,272702.5,280905.0,285000.0,300000.0,287000.0,256000.0,265000.0,266900.0,289635.0,270425.0,300000.0,269910.0,270000.0,273002.5,282000.0,275000.0,275000.0,278400.0
395053,48,"Salt Lake City, UT",msa,UT,,,,,,,,,,,,,,359500.0,394000.0,393450.0,393500.0,390450.0,382950.0,437525.5,377900.0,382000.0,439900.0,400550.0,387500.0,415000.0,410000.0,393637.0,396725.0,393018.0,415000.0,405400.0,439550.0,410000.0,382495.0,397620.0,407900.0,432200.0,427711.0,423248.0,400044.5,428812.5,462000.0,484900.0,539900.0,553370.0,524500.0,586045.0,575341.0,565748.5,544789.0,599142.0,650568.0,616563.0,598000.0,566070.0,589841.5,560997.0,555200.0,578772.0,544945.0,615151.0,549990.0,524480.0,583232.5,539591.0,555892.5,499000.0,545000.0,554900.0,525000.0,502490.0,517020.0
394388,51,"Birmingham, AL",msa,AL,233915.0,268535.0,259777.5,260740.0,281000.0,259992.5,262000.0,262500.0,297950.0,277500.0,269900.0,282000.0,238897.5,298900.0,264900.0,310465.0,266295.0,298000.0,278645.0,276197.5,275870.0,278372.0,298950.0,251000.0,272080.5,285000.0,263600.0,291494.0,265000.0,265600.0,268000.0,267450.0,284900.0,270199.0,267150.0,291102.5,349900.0,295580.0,309725.0,298985.0,308587.0,294300.0,299595.0,311000.0,309705.0,317515.0,345230.0,370910.0,392759.5,336300.0,336975.0,367305.0,437201.0,414084.5,393701.5,410597.0,425650.0,424140.0,399900.0,383320.0,382347.0,318935.0,338005.0,351787.5,352775.0,319500.0,314900.0,320000.0,327415.0,337855.0,356099.5,349370.0,357900.0
394640,53,"Grand Rapids, MI",msa,MI,223900.0,250000.0,271932.0,251950.0,259900.0,285387.0,283247.0,297900.0,318064.0,297335.0,309900.0,335059.0,289000.0,322625.5,305000.0,299700.0,296000.0,301950.0,306500.0,292500.0,317000.0,319500.0,317200.0,328804.0,289717.5,283400.0,312900.0,308800.0,295500.0,316000.0,329450.0,309950.0,331860.0,309900.0,329840.0,323675.0,315000.0,324000.0,342750.0,322500.0,354660.0,351029.0,350932.5,362140.0,385000.0,385130.0,396140.5,390000.0,369500.0,381130.0,378225.5,383693.0,399900.0,425000.0,394408.0,429900.0,422720.0,395000.0,429900.0,428147.5,431537.5,403600.0,409400.0,415400.0,458700.0,422650.0,398950.0,428210.0,439000.0,440000.0,432500.0,447022.0,419900.0
395167,54,"Tucson, AZ",msa,AZ,300113.5,279000.0,278102.0,303971.0,299235.0,300000.0,294350.0,296629.5,261070.0,308060.0,290553.5,290000.0,280742.5,270000.0,299990.0,285000.0,295544.0,276020.0,271357.5,311172.5,296478.0,279400.0,276366.5,277802.5,316027.5,296857.0,285412.5,284455.0,309252.5,303025.0,287360.0,325118.0,328370.0,332651.0,309590.0,342500.0,318267.5,333015.5,349090.0,359105.0,344703.0,369205.0,355000.0,393845.0,372750.0,355220.0,382990.0,381913.5,396735.0,395120.0,378990.0,399900.0,403990.0,412962.5,397248.5,372990.5,408484.0,395574.0,412593.0,412210.0,387220.5,396249.0,422990.0,419000.0,439900.0,401419.0,416000.0,413722.0,399000.0,411500.0,398888.0,412055.0,399940.0
395169,56,"Tulsa, OK",msa,OK,215000.0,239950.0,232500.0,232000.0,237500.0,219450.0,246000.0,225500.0,275500.0,255387.5,245000.0,260900.0,227742.0,229950.0,219950.0,229050.0,273365.0,260900.0,262000.0,252000.0,225000.0,251500.0,286900.0,202120.0,249843.5,250000.0,245000.0,290000.0,261385.0,284357.5,289500.0,281250.0,305030.0,311208.0,307425.0,319252.0,309900.0,321782.5,309000.0,273000.0,348150.0,319500.0,329125.0,343790.0,341187.5,310417.0,319444.0,334030.0,354500.0,302900.0,353049.0,358805.0,357870.0,360000.0,409685.0,415400.0,409455.0,362620.0,400950.0,468368.0,351750.0,406078.0,379900.0,365000.0,377121.0,339945.0,374900.0,420000.0,381681.0,377082.0,376228.5,355916.0,350410.0
395238,58,"Worcester, MA",msa,MA,391789.0,363000.0,338732.5,381337.5,399900.0,389000.0,375000.0,359999.0,369710.0,434900.0,340000.0,350000.0,362340.0,372314.0,360000.0,329900.0,385000.0,370000.0,456640.0,460000.0,400000.0,383850.0,375000.0,394165.0,340000.0,413580.0,457995.0,432772.5,494995.0,405000.0,379900.0,427000.0,394000.0,422000.0,432122.5,429950.0,425000.0,398500.0,439900.0,467500.0,450000.0,488383.0,501122.5,450000.0,433205.0,492772.5,495000.0,519280.0,497052.5,506750.0,502000.0,505000.0,532595.0,510125.0,529892.5,518525.5,551516.0,503185.0,545247.5,584532.5,544821.0,549828.0,575000.0,532980.0,525000.0,583162.5,547834.0,529995.0,558059.0,559000.0,585669.0,581661.0,529000.0
394938,59,"Omaha, NE",msa,NE,271432.0,291000.0,288500.0,287950.0,295000.0,291500.0,310000.0,300000.0,312000.0,294000.0,325000.0,324923.0,314000.0,307000.0,313000.0,309500.0,323780.5,319000.0,340257.0,333445.0,349000.0,332000.0,346500.0,386500.0,330000.0,335500.0,329330.0,337543.0,352675.0,346000.0,343967.0,326032.0,354000.0,340000.0,356000.0,342525.0,354000.0,359900.0,352021.0,369539.0,382150.0,380948.0,402484.0,408286.0,425580.0,410500.0,397440.0,424500.0,427001.0,405000.0,433873.0,430000.0,457857.5,428000.0,450500.0,448071.5,458341.5,437760.0,463910.0,447512.5,485028.0,425533.0,406352.5,439000.0,446875.0,448390.0,445340.0,432450.0,410424.5,428645.0,432500.0,434920.5,421795.0
394653,61,"Greenville, SC",msa,SC,236521.0,232400.0,229990.0,237500.0,233900.0,244381.0,248740.0,247496.0,255015.0,271925.0,264000.0,263825.0,257105.0,265760.0,245485.0,245000.0,255437.5,250110.0,242270.5,249500.0,252490.0,239900.0,244566.0,259900.0,224250.0,241990.0,254900.0,239185.0,253450.0,253122.0,254620.0,250135.0,264950.0,284263.0,272316.5,263525.0,237000.0,263390.0,264431.0,275895.0,270240.0,261490.0,277250.0,268695.0,269700.0,289990.0,303050.0,294490.0,301490.0,314195.0,315346.0,330821.5,325995.0,315000.0,337990.0,348500.0,344692.5,325000.0,345634.0,330000.0,333612.0,321074.0,322740.0,336095.0,324900.0,338445.0,337370.0,339900.0,342500.0,339900.0,327125.0,347600.0,342000.0
394312,62,"Albuquerque, NM",msa,NM,264712.0,298876.0,277995.0,276321.5,294000.0,271022.0,285185.0,287240.0,278177.5,294277.0,307014.0,301295.5,297090.0,240135.0,279477.0,257868.5,246950.0,283200.0,269500.0,305000.0,314990.0,282655.0,290000.0,280000.0,254900.0,294500.0,247900.0,304945.0,287445.0,278585.0,281270.0,293250.0,318000.0,278963.0,320000.0,334935.0,327068.0,338560.0,336025.0,330665.0,347780.0,358500.0,391335.0,384205.0,364467.5,376830.0,353768.5,375345.0,373675.0,405425.0,399950.0,399495.0,397469.0,399683.0,400000.0,390000.0,379500.0,416640.0,381650.0,405755.0,400000.0,375000.0,398000.0,340900.0,358473.0,364990.0,344000.0,362410.0,354690.0,379795.0,354990.0,367090.0,382680.0
394357,63,"Bakersfield, CA",msa,CA,,,,,,,,,,,,,,,,,,,,,,,,,,337000.0,338000.0,327000.0,303450.0,301500.0,346000.0,346000.0,330500.0,311000.0,331000.0,314500.0,321000.0,308700.0,338977.5,347540.0,353230.0,345700.0,350000.0,350500.0,365000.0,388000.0,400000.0,444250.0,417500.0,445000.0,444487.5,466900.0,460450.0,470000.0,430995.0,435990.0,425000.0,450000.0,420000.0,420500.0,429990.0,442100.0,446000.0,449000.0,450000.0,436200.0,430000.0,464990.0,432635.0,426385.0,419745.0,429200.0,435870.0
394753,65,"Knoxville, TN",msa,TN,282247.5,279900.0,279900.0,263865.0,292055.0,290000.0,304900.0,265736.0,306648.5,294000.0,300000.0,259842.5,310400.0,261900.0,258000.0,292900.0,285200.0,300700.0,300000.0,281032.5,270595.0,280000.0,309912.5,308450.0,301700.0,276142.5,282320.0,301050.0,268000.0,307000.0,299950.0,306946.0,299500.0,319900.0,328862.0,317250.0,316747.5,362450.0,325592.5,355000.0,327500.0,320000.0,352534.0,360000.0,335000.0,368127.5,366344.0,394900.0,412400.0,362900.0,367875.0,395000.0,390350.5,404248.0,413287.5,462500.0,425000.0,419900.0,426900.0,414628.0,396900.0,429900.0,430275.0,469290.0,452450.0,455000.0,487450.0,451195.0,420265.5,444975.5,415000.0,420000.0,406550.0
394367,66,"Baton Rouge, LA",msa,LA,227900.0,262900.0,264900.0,234400.0,236950.0,225500.0,220602.5,220405.0,245514.0,236352.5,236382.5,214750.0,256450.0,214900.0,235222.5,259625.0,252650.0,290400.0,248822.0,265670.0,251900.0,250897.5,226272.5,259400.0,229900.0,242312.5,260152.5,255000.0,248900.0,250303.0,264176.5,249310.0,252010.0,259150.0,255956.0,246515.0,240195.0,274900.0,260000.0,255867.5,268040.5,283640.0,270657.5,263900.0,272400.0,285900.0,271905.0,279134.0,271465.0,276805.0,280490.0,289400.0,300970.0,292095.0,291765.0,301445.0,296712.5,284950.0,310000.0,288965.0,300000.0,280047.5,277990.0,290495.0,299990.0,307850.0,299577.5,297875.0,290900.0,278047.5,293357.5,281320.0,294990.0
394843,67,"McAllen, TX",msa,TX,,,,,,,,,,,212961.5,209917.0,184192.0,171000.0,168000.0,164000.0,185357.0,189214.0,179504.0,194000.0,186826.0,175500.0,178929.0,174500.0,167644.5,173969.5,183270.0,191450.0,178244.5,156000.0,163000.0,172000.0,180000.0,201134.0,199000.0,209000.0,195000.0,195000.0,190000.0,195000.0,196000.0,210000.0,231500.0,207000.0,219000.0,248500.0,235000.0,228900.0,207865.0,230000.0,239500.0,244912.5,219250.0,249000.0,239450.0,230000.0,260250.0,247000.0,241500.0,249950.0,237450.0,247950.0,268000.0,250500.0,249300.0,255000.0,255000.0,259000.0,275000.0,262486.0,268000.0,239900.0,232990.0
394561,69,"El Paso, TX",msa,TX,174056.5,174975.0,179700.0,176500.0,171950.0,175861.5,175650.0,178950.0,188975.0,180010.0,185908.0,184950.0,179450.0,184648.0,180450.0,179950.0,195881.5,197751.0,194450.0,192000.0,192500.0,184450.0,191622.5,191950.0,180790.0,204502.0,193975.0,189155.0,191950.0,194950.0,198090.0,209941.0,215514.0,203344.0,214977.5,201450.0,219450.0,226450.0,229950.0,230000.0,240950.0,236950.0,256040.0,245000.0,244475.0,249975.0,244950.0,243200.0,242900.0,254975.0,266850.0,246950.0,260725.0,255900.0,261500.0,266975.0,281950.0,266950.0,266500.0,277950.0,269855.0,267065.0,283942.5,281950.0,284500.0,275650.0,286585.0,281950.0,287301.0,285950.0,289950.0,297950.0,301250.0
394486,72,"Columbia, SC",msa,SC,242609.0,207382.5,211282.0,217791.0,212092.0,215141.0,231998.5,230894.5,219985.0,224485.0,224900.0,243500.0,194461.0,230743.5,217231.0,208897.0,229900.0,224899.0,211585.0,234470.0,236000.0,239932.0,238132.5,272500.0,255297.5,247395.0,256990.0,248450.0,237500.0,235600.0,240852.0,249668.0,253857.5,240091.5,240890.0,252700.0,249750.0,254645.0,269900.0,254280.0,258900.0,275500.0,265698.0,272200.0,285890.0,287721.0,290493.0,289374.0,308011.5,302791.0,309431.0,311060.0,328920.0,326960.0,323355.0,331412.0,325600.0,316145.0,315546.0,300060.0,301420.0,306574.5,299900.0,303667.5,303101.0,293515.0,298359.0,308882.5,306957.5,311924.0,289080.0,310000.0,285734.0
753906,73,"North Port, FL",msa,FL,371590.0,330000.0,317180.0,334787.5,326450.0,329000.0,321037.5,315650.0,334000.0,341200.0,345000.0,344110.0,300000.0,333750.0,317180.0,323495.0,323495.0,299500.0,314990.0,299710.0,316450.0,315000.0,338395.5,350000.0,378674.5,352000.0,335000.0,319990.0,288000.0,332500.0,330000.0,332800.0,327700.0,316801.0,330000.0,357895.0,352865.0,359500.0,377761.5,380770.5,358490.0,371337.0,399037.0,392900.0,388265.0,421945.0,408000.0,431062.0,450000.0,442125.0,490000.0,435000.0,472157.0,489017.0,493695.0,529995.0,462400.0,505152.5,459245.0,483990.0,466490.0,462080.0,457490.0,475000.0,446401.0,464990.0,463047.5,465585.0,430000.0,449372.5,461710.0,501800.0,470100.0
845158,74,"Dayton, OH",msa,OH,,,,,,,,,,,,,,,,,,,,,,,,,,,,,,,,,,,,,,,,,,,,,,,,,,,,,,,,,,,,413152.5,400500.0,424900.0,399188.5,385000.0,444387.5,399825.0,359900.0,410260.5,369252.5,361445.0,395300.0,474613.0,400201.5
394457,75,"Charleston, SC",msa,SC,291877.0,325116.5,358581.5,353286.5,345286.0,318090.0,337790.0,322235.0,347013.5,325822.5,315965.0,332364.0,296500.0,301931.0,319000.0,345000.0,322215.0,332701.0,345000.0,339500.0,329610.0,304100.0,296075.0,317765.0,307470.0,312000.0,289100.0,304222.0,291320.0,313500.0,330420.0,329990.0,333990.0,341495.0,353649.0,349450.0,338070.0,364757.5,359000.0,374823.0,379900.0,378820.0,369975.0,395245.0,404425.0,440000.0,426500.0,439670.5,396617.5,414987.5,399900.0,432604.0,453696.0,447823.0,448737.5,439990.0,433837.5,463265.0,428333.5,476286.0,415440.0,415695.0,446715.0,474590.0,438710.0,448830.0,433431.0,395100.0,431540.0,412345.0,410000.0,430990.0,422425.0
394648,76,"Greensboro, NC",msa,NC,195000.0,190500.0,194900.0,190000.0,187900.0,197500.0,206500.0,199500.0,248000.0,235000.0,245000.0,220000.0,204375.0,232750.0,240000.0,260585.0,265471.0,263075.0,252327.0,274750.0,254000.0,263565.0,256543.0,257000.0,241322.5,233000.0,239000.0,230900.0,250000.0,244432.5,252240.0,240000.0,233788.0,263388.0,269090.0,231490.0,247745.0,230445.0,243205.0,253040.0,261540.0,261052.5,285000.0,299945.0,284340.0,309137.5,314520.0,300000.0,301315.0,355000.0,336995.0,351000.0,349178.0,370803.0,351220.0,358762.5,356075.0,361857.5,367400.0,395500.0,365000.0,390000.0,374990.0,395430.5,395750.0,360990.0,364490.0,392190.0,345990.0,378900.0,366245.0,369990.0,344000.0
394440,78,"Cape Coral, FL",msa,FL,241600.0,228800.0,240000.0,247000.0,259460.0,252250.0,270950.0,265000.0,255000.0,246000.0,250900.0,253900.0,221985.0,248000.0,237500.0,231550.0,242830.0,231375.0,242495.0,239000.0,241750.0,246300.0,255412.5,240305.0,232635.0,247000.0,246500.0,270900.0,247500.0,240000.0,274500.0,245385.0,252087.0,255000.0,290000.0,279650.0,260000.0,263000.0,271805.0,270000.0,273950.0,279500.0,304250.0,314900.0,328599.5,327000.0,345000.0,353160.0,327145.0,339450.0,340000.0,365000.0,372867.5,380000.0,385000.0,379000.0,365000.0,373015.0,381500.0,380000.0,370000.0,388000.0,369495.0,379999.5,377450.0,390000.0,372000.0,384999.5,369999.5,366000.0,373999.0,371900.0,375000.0
394399,79,"Boise City, ID",msa,ID,338383.5,332180.0,319990.0,321990.0,335081.5,355242.5,347745.0,355000.0,335186.5,359945.0,351490.0,347488.5,315000.0,345000.0,332950.0,339900.0,337740.0,344900.0,350000.0,345757.5,346000.0,340000.0,364995.0,369495.0,397000.0,350397.5,344900.0,342490.0,354990.0,381447.0,372490.0,395000.0,399450.0,405545.0,400000.0,425640.0,433700.0,436064.0,442000.0,459490.0,487215.0,494000.0,499950.0,511860.0,500365.5,514990.0,539873.0,524040.5,525000.0,525995.0,554900.0,571980.0,579900.0,598999.0,567660.0,561682.5,572000.0,569950.0,529900.0,507995.0,449990.0,475000.0,449990.0,455000.0,479995.0,479992.5,475990.0,481992.5,465613.0,492500.0,474495.0,479990.0,460990.0
394484,80,"Colorado Springs, CO",msa,CO,376781.0,367565.0,360000.0,373035.0,387171.0,373700.0,393135.0,397790.0,370675.0,370140.0,368900.0,350577.0,356272.0,363125.0,354874.0,385750.0,436500.0,403295.0,355500.0,372347.0,390485.0,357329.5,364435.0,390655.0,375000.0,385096.0,387710.0,385000.0,393745.0,411300.0,400767.0,397664.0,416850.0,408640.5,418400.0,445920.0,438770.0,470544.0,449674.0,437000.0,446560.0,463899.5,523965.0,508466.0,511821.5,502471.355,487839.0,507560.0,484506.5,506575.0,526212.5,498990.0,501922.0,530292.5,511094.0,614150.0,550000.0,519418.0,519975.0,507500.0,512712.0,592500.0,525000.0,549000.0,554350.0,496572.5,499250.0,514000.0,521880.0,495000.0,522950.0,499000.0,485290.5
394798,81,"Little Rock, AR",msa,AR,173000.0,177500.0,182000.0,177900.0,217500.0,202429.0,244000.0,216675.0,230750.0,227392.0,242495.5,232565.5,179200.0,275000.0,245000.0,234900.0,272950.0,239900.0,244900.0,229300.0,241500.0,256000.0,229000.0,223450.0,214750.0,218400.0,232900.0,239900.0,240000.0,251900.0,271000.0,280000.0,272500.0,254700.0,269950.0,248595.0,238500.0,225900.0,240000.0,233900.0,239900.0,211700.0,236000.0,244950.0,264225.0,265000.0,259360.0,317905.0,305000.0,283539.5,285050.5,307450.0,325250.0,324125.0,324000.0,321100.0,344673.0,281966.0,317500.0,366392.0,325000.0,333773.0,343000.0,367100.0,368699.0,360786.0,370000.0,367500.0,389500.0,370450.0,316562.5,346500.0,338992.0
394766,82,"Lakeland, FL",msa,FL,226477.0,208456.5,210000.0,214850.0,217000.0,211990.0,214990.0,220000.0,219945.0,229689.0,230998.0,218990.0,234998.0,219000.0,214710.0,216900.0,222445.0,229245.0,229775.0,224500.0,222100.0,217904.5,230825.0,228100.0,223312.5,229720.0,231210.0,230990.0,232060.0,234490.0,235500.0,237452.5,235990.0,243500.0,246928.0,243437.0,248490.0,251670.0,252990.0,257805.0,261900.0,266857.0,274900.0,282514.5,289495.0,293500.0,305000.0,325820.0,317205.0,321940.0,322300.0,340000.0,345077.5,354240.0,354701.0,348753.5,357490.0,348765.0,346000.0,343999.5,328150.0,334990.0,328009.5,333850.0,345990.0,341990.0,339999.0,351000.0,345882.5,342080.0,335993.0,341602.0,347183.0
394531,84,"Des Moines, IA",msa,IA,264000.0,304800.0,251965.0,260000.0,278000.0,261000.0,270000.0,286705.0,294500.0,291027.5,302500.0,333039.5,305265.0,292000.0,291250.0,286863.0,289375.0,288000.0,292500.0,295290.0,284500.0,298675.0,302750.0,297000.0,286900.0,274710.0,257000.0,292000.0,288000.0,279450.0,278000.0,289410.0,278500.0,279879.0,292472.5,294950.0,318255.0,309900.0,304150.0,301350.0,299000.0,297163.5,309000.0,309900.0,324990.0,338090.0,341560.0,345000.0,352500.0,356900.0,358804.0,360490.0,367590.0,367990.0,367400.0,379995.0,352590.0,377731.5,388265.0,345495.0,363133.0,341490.0,359995.0,360000.0,349900.0,361495.0,374990.0,366500.0,376500.0,369990.0,369995.0,375000.0,355000.0
394931,87,"Ogden, UT",msa,UT,407595.0,387503.0,387998.0,413487.0,409615.0,405588.0,403105.0,378382.0,379950.0,419900.0,397000.0,379445.5,344187.0,397035.0,420000.0,414900.0,448288.0,435993.0,396394.0,420548.0,399828.5,415566.0,376649.0,380000.0,381547.0,342203.0,425000.0,430000.0,414950.0,410814.5,403971.0,400500.0,439746.0,406140.0,400304.0,464478.0,412448.0,416038.0,457140.0,401155.0,454295.5,462366.0,444499.0,556271.0,485877.5,501169.0,516700.0,500500.0,555872.0,501785.0,586073.0,561827.5,596195.0,539690.0,560000.0,597500.0,536472.0,552500.0,567372.5,553021.0,559990.0,474900.0,509995.0,527200.0,551000.0,540500.0,546385.0,599000.0,530000.0,530196.0,574000.0,542000.0,565000.0
394816,88,"Madison, WI",msa,WI,331800.0,341041.5,340000.0,353997.5,335652.5,349350.0,350900.0,338200.0,325000.0,284950.0,374900.0,386000.0,337850.0,347500.0,354575.0,324900.0,357150.0,354900.0,380000.0,384900.0,341230.0,392450.0,399271.5,370633.0,342000.0,331388.0,362500.0,375150.0,359900.0,344900.0,363000.0,382600.0,375000.0,369900.0,349900.0,354200.0,377400.0,381900.0,364400.0,360000.0,334600.0,377874.5,379900.0,383400.0,374900.0,385142.5,404900.0,439999.0,373127.5,414900.0,426450.0,428400.0,439900.0,465168.0,424950.0,449050.0,429950.0,479900.0,503126.0,465587.0,482169.0,429800.0,454500.0,473830.5,460000.0,460000.0,473400.0,474900.0,497171.5,469378.5,469900.0,502400.0,489900.0
395235,89,"Winston, NC",msa,NC,205500.0,197000.0,184000.0,200500.0,188174.0,180000.0,185900.0,209500.0,215000.0,236678.0,247372.0,240000.0,208334.0,211090.0,227375.0,227500.0,244655.0,235000.0,261832.0,248500.0,255235.0,265775.0,260000.0,279350.0,268772.5,262475.0,285000.0,273250.0,284965.0,278000.0,282340.0,285389.0,286000.0,263753.5,287368.75,240475.0,259990.0,287103.0,284900.0,299450.0,294131.5,290091.0,300000.0,310443.0,298397.5,356140.0,321500.0,317000.0,330940.0,317928.5,328990.0,340000.0,312500.0,328000.0,322470.0,345177.5,342358.0,348311.5,363800.0,317892.0,309000.0,336565.0,326500.0,324532.5,356450.0,321140.0,340745.0,333181.0,336000.0,320000.0,324500.0,301000.0,342000.0
394528,90,"Deltona, FL",msa,FL,234990.0,239405.0,238900.0,243500.0,239990.0,232990.0,240000.0,260000.0,250000.0,256990.0,257000.0,260900.0,248745.0,257990.0,247250.0,238601.0,253000.0,255700.0,259990.0,249950.0,255000.0,262000.0,257765.0,260000.0,249500.0,259990.0,249992.0,242000.0,245275.0,250490.0,254900.0,250000.0,258490.0,265625.5,265355.0,265000.0,268921.5,259900.0,273695.0,279500.0,279740.0,289660.0,295000.0,300700.0,308548.5,294635.0,302767.5,330200.0,333195.0,330000.0,338490.0,355000.0,351990.0,352927.5,371545.0,365537.0,371490.0,374995.0,372910.0,362675.0,358900.0,359990.0,363000.0,360000.0,355950.0,371270.0,360578.0,358990.0,369945.0,369990.0,387406.0,374990.0,374990.0
395006,92,"Provo, UT",msa,UT,383735.0,369995.0,379011.0,362467.5,342525.0,384788.0,371089.0,375737.0,354290.0,347110.0,390331.0,380288.0,405460.0,404513.0,380000.0,359990.0,393250.0,391000.0,361750.0,373950.0,379100.0,369306.0,349804.0,339607.0,349990.0,369000.0,363675.0,379450.0,377234.5,357966.5,386509.0,395045.0,386502.0,438548.0,412500.0,428257.0,414999.0,416896.0,392000.0,435830.0,469555.0,469998.0,445000.0,463060.0,482301.0,510000.0,501743.0,507826.0,539602.0,555831.5,558609.5,591961.5,573420.0,635210.0,581804.5,525612.5,515180.0,529915.0,537423.5,507995.0,498250.0,461700.0,484500.0,456738.0,469950.0,495500.0,498950.0,520287.5,480130.0,480200.0,489992.5,477240.0,465258.5
394549,95,"Durham, NC",msa,NC,341000.0,344000.0,330000.0,345000.0,339250.0,381000.0,321500.0,343111.5,341000.0,334930.0,383000.0,382500.0,359900.0,366395.0,343500.0,316000.0,349500.0,338773.0,346900.0,319990.0,328000.0,389464.0,385000.0,360000.0,377373.5,320500.0,341000.0,324000.0,370703.5,367678.5,359115.0,402920.0,375000.0,377500.0,409205.0,363640.0,333630.0,311960.0,349940.0,382320.0,379339.0,380026.0,376831.0,365827.5,418297.5,459900.0,441871.5,459875.0,464594.5,468780.5,468300.0,479500.0,475220.0,480000.0,495000.0,489500.0,469995.0,440000.0,477400.0,479740.0,432500.0,440734.0,454246.0,485000.0,495000.0,503910.0,518340.0,525855.0,455000.0,465000.0,499245.0,490245.0,423525.0
394352,96,"Augusta, GA",msa,GA,200700.0,213675.0,219035.0,219522.5,218910.0,231200.0,230730.0,236000.0,239000.0,223080.0,244647.5,238060.0,233875.0,210565.0,213500.0,205000.0,237000.0,225250.0,230900.0,235772.5,222030.0,242350.0,226800.0,232000.0,239900.0,224900.0,244000.0,232015.0,229900.0,226694.0,235147.0,235480.0,235295.0,241377.5,254900.0,254525.5,245450.0,244780.0,262580.0,265737.5,258060.0,276680.0,262583.5,287619.0,282330.0,286695.0,305000.0,300415.0,300420.0,300617.0,299180.0,312000.0,307102.5,329900.0,311130.0,320900.0,326900.0,320525.0,330000.0,315500.0,319950.0,317400.0,317865.0,323976.0,322500.0,317830.0,337300.0,312330.0,304475.0,325000.0,297225.0,312100.0,308235.0
394957,97,"Palm Bay, FL",msa,FL,261000.0,259000.0,243000.0,260000.0,269937.5,268595.0,259900.0,288000.0,285966.0,291000.0,290000.0,313200.0,269000.0,265250.0,259625.0,255000.0,266500.0,280800.0,314862.0,270000.0,286500.0,281715.0,285000.0,290000.0,274000.0,302500.0,303600.0,275245.0,276495.0,252995.0,288455.0,286782.5,264092.5,278535.0,271788.0,283000.0,269846.0,281790.0,290000.0,283826.0,277740.0,286995.0,279000.0,318325.0,295070.0,317042.5,321000.0,324000.0,315400.0,309770.0,323540.0,334550.0,340370.0,353540.0,360270.0,361870.0,362687.5,363617.5,355900.0,356000.0,348105.0,349900.0,345635.0,351260.0,352515.0,346765.0,357230.0,360490.0,353865.0,365900.0,375760.0,370995.0,372260.0
394711,98,"Jackson, MS",msa,MS,287834.5,239900.0,241950.0,269900.0,261000.0,263500.0,269900.0,275900.0,277400.0,320053.0,279900.0,259000.0,319000.0,282450.0,261044.0,297400.0,336200.0,272700.0,269850.0,314950.0,267200.0,262500.0,298500.0,287400.0,302900.0,283000.0,274950.0,290400.0,279000.0,316000.0,306000.0,309900.0,302000.0,324450.0,315000.0,298700.0,299900.0,297450.0,328900.0,306500.0,347900.0,343200.0,317340.0,258900.0,326000.0,298450.0,324310.0,320110.0,349900.0,359000.0,332499.5,361000.0,366500.0,363012.5,344000.0,366250.0,400900.0,369900.0,405000.0,362600.0,365000.0,381567.5,398000.0,389900.0,386000.0,382500.0,339999.0,366700.0,384030.5,367500.0,379750.0,334500.0,364900.0
394666,99,"Harrisburg, PA",msa,PA,233550.0,243000.0,252000.0,239183.5,259300.0,262800.0,229000.0,260990.0,268477.0,276490.0,248420.5,263990.0,271866.5,276445.0,274990.0,299990.0,286046.0,255000.0,272500.0,314495.0,258468.5,270000.0,289900.0,290990.0,276000.0,275990.0,306500.0,299990.0,309995.0,284990.0,267024.5,339945.0,325000.0,299603.0,281899.0,301395.0,344087.5,329990.0,346485.0,335000.0,384150.0,341280.5,393295.0,368903.5,380127.0,392877.0,470767.5,427597.0,423537.0,383693.0,470804.0,428932.5,436673.0,461900.0,432157.0,475900.0,397540.0,475442.5,489221.0,412900.0,426620.0,369985.0,459990.0,500180.0,449888.0,462458.0,440995.0,474367.5,430000.0,469245.0,455035.0,477405.0,468199.0
394460,102,"Chattanooga, TN",msa,TN,261000.0,259900.0,261750.0,278875.0,285750.0,300967.5,293500.0,305650.0,315305.5,314500.0,319900.0,308900.0,262500.0,286950.0,299900.0,314000.0,299000.0,298250.0,287500.0,304397.0,312000.0,313700.0,302000.0,350000.0,351225.5,345000.0,328651.0,315000.0,325981.0,337000.0,359886.0,341500.0,342000.0,350000.0,320000.0,335900.0,314900.0,329000.0,336525.0,378142.5,335000.0,369097.0,379900.0,377805.0,368250.0,378000.0,376325.0,385900.0,375422.5,405000.0,421824.0,415000.0,430000.0,436700.0,440000.0,456566.0,457500.0,454205.0,457000.0,419950.0,415567.5,397351.0,412800.0,432900.0,448984.0,460950.0,415000.0,435900.0,399734.0,430397.0,499000.0,395000.0,443400.0
394997,105,"Portland, ME",msa,ME,367000.0,365000.0,350000.0,355000.0,336700.0,350480.0,390000.0,356787.74,360000.0,358950.0,437500.0,382500.0,342400.0,360900.0,382500.0,414500.0,364500.0,382450.0,385000.0,427900.0,390000.0,369900.0,338290.0,416250.0,368450.0,447750.0,393565.0,326496.5,393450.0,392580.0,363700.0,405000.0,418300.0,404761.0,410000.0,440952.0,423500.0,419500.0,480000.0,525000.0,449900.0,509900.0,520000.0,498750.0,504000.0,511800.0,472200.0,450000.0,539856.81,521412.0,534752.0,449950.0,515000.0,517925.0,485000.0,546500.0,615000.0,512575.0,475495.0,490000.0,595000.0,570500.0,575500.0,589000.0,543831.0,565000.0,565390.0,565000.0,558000.0,586000.0,650000.0,579000.0,590500.0
394590,108,"Fayetteville, AR",msa,AR,220000.0,199950.0,207793.0,210000.0,228000.0,235000.0,255000.0,253950.0,245000.0,228300.0,244625.0,248000.0,202000.0,225720.0,229000.0,265000.0,255000.0,267062.5,236700.0,254950.0,246250.0,259500.0,280000.0,260000.0,250000.0,270000.0,286000.0,274900.0,244900.0,278720.0,260000.0,284900.0,277265.0,256000.0,267250.0,268450.0,260012.5,249699.5,264950.0,264900.0,273300.0,275513.0,280000.0,299950.0,289000.0,289900.0,301464.0,309500.22,325477.5,322675.0,343056.0,354541.0,340000.0,347097.0,349072.0,339522.0,349900.0,364130.0,361993.0,356037.5,399900.0,360400.0,377304.5,349900.0,359175.0,352141.5,340904.0,336990.0,346595.5,359348.375,354575.0,350000.0,353950.0
394589,109,"Fayetteville, NC",msa,NC,190000.0,208000.0,220900.0,221000.0,240000.0,232500.0,232500.0,238000.0,235000.0,241500.0,249450.0,247500.0,222450.0,249950.0,235000.0,239000.0,244900.0,250000.0,246000.0,249900.0,253500.0,251900.0,254950.0,248000.0,221500.0,250000.0,246700.0,255750.0,255450.0,253400.0,267999.0,254950.0,265000.0,275000.0,265000.0,264087.5,288500.0,275900.0,294924.0,285000.0,290500.0,299900.0,297667.0,314900.0,306812.0,309000.0,316700.0,326500.0,305571.0,335245.0,325000.0,350000.0,350000.0,340950.0,366569.0,373581.0,389900.0,376026.0,388999.0,373066.0,364850.0,373292.0,365000.0,369400.0,366900.0,355000.0,374500.0,350000.0,343700.0,348637.5,348894.5,336000.0,346773.0
394792,110,"Lexington, KY",msa,KY,,,,,,,,,,,,,,,,,,,,,,,,,,,,,,,,,,,,,,,366422.0,300780.0,336000.0,329378.0,305271.0,295000.0,364634.0,358444.0,359790.0,337525.0,340000.0,359900.0,360735.0,369461.0,407950.0,399900.0,437625.5,404336.0,444807.0,419900.0,373929.0,425165.0,453730.0,393001.5,408750.0,416939.5,449900.0,432450.0,439198.0,429750.0,459383.0,439452.5,444000.0,408044.0,394348.0
394971,111,"Pensacola, FL",msa,FL,213475.0,230150.0,254350.0,225000.0,240615.0,268000.0,264000.0,238883.5,251800.0,240500.0,267400.0,258600.0,242136.0,238580.0,240400.0,245600.0,258000.0,252900.0,274900.0,259363.5,246898.0,254300.0,254655.0,253180.0,255900.0,251504.0,240130.0,242347.5,263700.0,259750.0,285410.0,267146.0,278250.0,269000.0,263457.0,269300.0,256177.0,265600.0,277500.0,280451.0,278700.0,313400.0,308900.0,316900.0,326700.0,330900.0,314950.0,338451.5,350073.0,343900.0,346500.0,329900.0,346937.5,366465.0,355312.5,350900.0,339950.0,355000.0,359900.0,361075.0,324900.0,369900.0,344550.0,334990.0,355000.0,344900.0,329625.0,335400.0,319900.0,323900.0,340620.0,339000.0,339990.0
395019,113,"Reno, NV",msa,NV,405250.0,400000.0,413750.0,419000.0,421000.0,430667.5,443937.0,422800.0,426990.0,444537.0,449450.0,420907.0,447845.0,449260.5,414900.0,429153.0,444460.5,463495.0,474995.0,469750.5,487995.0,478737.0,481000.0,443475.0,451872.5,416861.0,499950.0,496264.0,,419950.0,445428.0,409950.0,459838.0,471210.0,422739.0,514200.0,526967.0,459803.5,440727.0,447320.5,502696.0,545000.0,535826.0,585000.0,480000.0,,611455.0,572794.0,580936.0,598944.0,611029.0,703615.5,669000.0,602962.0,584823.0,565686.0,637604.0,549995.0,552007.0,522450.0,521985.0,470000.0,499925.0,499900.0,531885.0,570486.5,532000.0,540000.0,509950.0,549950.0,519950.0,535000.0,484495.0
394698,114,"Huntsville, AL",msa,AL,250001.0,256450.0,249000.0,258500.0,249940.0,254900.0,265033.0,246620.0,241905.0,280250.5,268900.0,257900.0,278200.0,249000.0,257000.0,248726.0,269974.0,264500.0,256877.0,276528.0,237585.0,287261.0,275000.0,265714.0,232265.0,254839.0,276757.5,252922.5,261867.5,268990.0,260000.0,276515.0,270000.0,311732.0,326760.0,314166.5,282542.0,273059.0,278032.5,283615.0,314900.0,298127.5,330758.0,323240.0,313954.0,344230.0,345131.5,338152.0,340002.5,339900.0,361900.0,362900.0,345300.0,358836.5,389495.0,373285.0,360000.0,377591.0,349118.5,344900.0,334900.0,356130.0,346932.5,337925.0,343660.0,348976.0,345932.5,336215.0,329900.0,350000.0,337672.5,319400.0,331230.0
394995,115,"Port St. Lucie, FL",msa,FL,254350.0,276950.0,258950.0,245000.0,268100.0,267900.0,249000.0,260900.0,263500.0,255000.0,264900.0,247000.0,222506.5,242800.0,245000.0,258495.0,263500.0,253983.0,258000.0,262000.0,264000.0,256900.0,279950.0,258300.0,272100.0,274000.0,273200.0,264950.0,263700.0,268300.0,282900.0,273000.0,281550.0,275000.0,283000.0,279500.0,275900.0,289550.0,310000.0,298000.0,334426.5,335000.0,337795.0,333000.0,337407.5,347400.0,355000.0,352700.0,336540.0,339900.0,355900.0,370000.0,380000.0,389000.0,421540.0,425000.0,418540.0,417540.0,423602.5,420900.0,405832.5,399900.0,419900.0,409900.0,428210.0,400165.0,414900.0,417500.0,414532.5,424900.0,423000.0,446892.5,432000.0
394761,116,"Lafayette, LA",msa,LA,,,,,,,,,,,,,,262000.0,239900.0,234500.0,234850.0,209656.0,225000.0,223950.0,231800.0,234800.0,223900.0,231907.5,201500.0,244887.5,207977.0,209359.5,213067.5,224000.0,217050.0,209700.0,271450.0,244500.0,214700.0,213500.0,228785.0,242575.0,221895.0,224030.0,232400.0,242400.0,247808.0,241485.0,240769.0,253700.0,260187.5,255900.0,253000.0,259235.0,254900.0,268950.0,267000.0,291000.0,255200.0,272980.0,264820.0,287377.5,262800.0,260965.0,253700.0,260742.5,264500.0,262985.0,261170.0,265500.0,278000.0,259500.0,238500.0,261005.0,263000.0,249920.0,259999.0
394898,117,"Myrtle Beach, SC",msa,SC,227965.0,222500.0,235000.0,215000.0,239000.0,235256.0,238922.0,240605.5,247500.0,240000.0,241750.0,245264.0,235300.0,221500.0,245500.0,249877.5,239450.0,253490.0,259500.0,243956.0,255025.0,256348.0,243000.0,264105.0,237000.0,243614.0,245000.0,246840.0,247510.0,259990.0,261510.0,269717.5,258464.0,266400.0,270000.0,261298.0,269560.0,272900.0,269807.5,278248.5,280380.0,291310.0,295798.0,311827.0,323054.0,323001.0,320983.5,335235.0,331140.0,354995.0,344345.0,352545.0,355045.0,361023.5,364223.0,368555.0,360795.0,390675.0,367502.0,371886.0,367700.0,350000.0,353493.0,359972.0,364745.0,367490.0,355235.0,359950.0,359740.0,347990.0,340495.0,352455.0,359225.0
395116,118,"Springfield, MO",msa,MO,,,,,,,,,,,,,,,215000.0,221649.0,249900.0,254235.5,231407.0,229900.0,201100.0,242000.0,253000.0,255000.0,259950.0,235000.0,249650.0,232350.0,255000.0,252450.0,248900.0,249900.0,226500.0,256410.0,219102.5,225000.0,259400.0,257961.5,252934.0,262000.0,256250.0,270561.0,276000.0,280700.0,281971.5,288900.0,292450.0,302325.0,297450.0,305000.0,301450.0,349900.0,315000.0,323004.0,316950.0,330000.0,322500.0,330000.0,324900.0,306200.0,365500.0,289900.0,275747.5,295400.0,310608.0,362450.0,324431.0,318960.0,299950.0,305050.0,295000.0,299450.0,305900.0
394746,120,"Killeen, TX",msa,TX,205800.0,214000.0,199830.0,249225.0,225703.0,219000.0,221822.0,235000.0,217390.0,209762.5,219250.0,215850.0,196890.0,199994.5,239900.0,218450.0,223450.0,226370.0,261810.0,241755.0,229927.0,245000.0,241430.0,225250.0,239000.0,236900.0,224774.0,229900.0,230395.0,243700.0,239631.0,269000.0,243450.0,254640.0,256200.0,246000.0,241670.0,245650.0,250900.0,234000.0,299950.0,268240.0,269050.0,275000.0,311700.0,357500.0,329500.0,345950.0,337825.0,363020.0,363033.5,364140.0,370950.0,382134.0,379950.0,364000.0,350000.0,355605.5,323450.0,329114.0,323000.0,340850.0,342990.0,328000.0,315400.0,320000.0,299950.0,322000.0,339000.0,290940.0,301635.0,332900.0,339900.0
394338,121,"Asheville, NC",msa,NC,266171.5,334950.0,320000.0,309000.0,320000.0,295048.5,338400.0,351836.0,336225.0,330000.0,323500.0,291500.0,283000.0,321750.0,323750.0,297500.0,363440.0,338500.0,348500.0,310000.0,340000.0,380000.0,320000.0,330500.0,304500.0,355000.0,360000.0,317934.0,332226.0,314950.0,320000.0,344375.0,369900.0,348250.0,337667.5,352540.0,340000.0,349830.0,339900.0,349000.0,394425.0,382250.0,357391.5,361986.0,378700.0,390054.0,375000.0,377450.0,385000.0,458699.0,382348.5,377073.0,452500.0,427450.0,422500.0,450000.0,410000.0,489577.5,449900.0,398000.0,466210.5,510000.0,412490.0,468530.0,470000.0,492325.0,465470.0,465338.5,482890.0,475775.0,445300.0,461195.0,470000.0
395244,122,"York, PA",msa,PA,,,,,,,,,,,,,,,,,,,,,,,,,,,250362.5,251000.0,281041.0,261000.0,250486.0,263680.0,259967.5,277358.5,309920.0,308688.0,275510.0,258995.0,291439.5,279215.0,276261.0,339344.5,340742.5,334952.0,331972.0,331499.0,314895.0,341255.0,389745.0,309990.0,330490.0,313270.0,322900.0,333990.0,379990.0,405939.0,418070.0,402450.0,434302.5,450550.0,383764.0,340000.0,373504.5,394540.0,388447.5,371597.0,414695.0,382987.5,408905.0,384990.0,375000.0,417445.0,326872.0
395048,126,"Salem, OR",msa,OR,302300.0,342450.0,319949.5,299234.5,379950.0,384900.0,380000.0,387450.0,323900.0,378885.0,355000.0,359995.0,352065.0,359210.0,343700.0,347455.0,340000.0,360947.5,355950.0,355000.0,356080.0,363550.0,394950.0,366300.0,350000.0,349900.0,348000.0,352257.0,371435.0,367437.5,396667.5,405210.0,374900.0,382428.0,350000.0,372000.0,367022.5,359420.0,388450.0,378245.0,431740.0,419865.0,416190.0,423779.0,430985.0,429900.0,404900.0,449727.5,475900.0,471900.0,453780.0,446422.0,462130.0,478835.0,500945.0,505900.0,497895.0,497740.0,469995.0,461162.5,469995.0,499900.0,538455.0,512829.0,505000.0,484945.0,469000.0,459995.0,447995.0,474900.0,452185.0,439995.0,449995.0
394612,132,"Fort Wayne, IN",msa,IN,,,,,,,,,,,,,,,,,,,,,,,,,,,,,,,,,,,,,,,,,,,,,,,,,,,,,,,,,,,,,,335700.0,339900.0,338200.0,415404.0,365000.0,349900.0,358704.0,362400.0,367750.0,403734.0,359251.5,319900.0
394658,133,"Gulfport, MS",msa,MS,194900.0,199900.0,209586.0,221185.0,230000.0,218900.0,204900.0,209450.0,193875.0,176425.0,193875.0,221447.5,193975.0,194900.0,278900.0,204900.0,223900.0,214947.5,218575.0,200245.0,226165.0,237750.0,226454.0,233970.0,213900.0,214900.0,199900.0,194672.5,208400.0,210400.0,226950.0,242750.0,220052.5,248600.0,257075.0,253777.5,220350.0,249670.0,250872.5,266900.0,269228.0,272937.5,269900.0,278740.0,276900.0,279800.0,273132.5,284395.0,285900.0,290400.0,283900.0,294900.0,330900.0,344900.0,318877.5,309250.0,304120.0,303414.0,298900.0,310900.0,299900.0,301950.0,299517.5,296860.0,303000.0,301900.0,315085.0,289900.0,290900.0,300150.0,315260.5,300352.5,310862.5
395051,134,"Salisbury, MD",msa,DE,299655.0,324900.0,351335.0,390635.0,369892.5,372881.0,351112.0,316703.5,314320.5,307107.5,315515.0,332162.5,300000.0,291100.0,330900.0,342157.0,292333.0,306223.5,300490.0,315000.0,292665.0,351485.0,343450.0,299950.0,299990.0,288995.0,310888.5,268885.0,288240.0,316995.0,325000.0,313895.0,302895.0,299540.0,373895.0,334014.0,303150.0,372065.0,355000.0,394758.0,383172.0,396938.0,349490.0,389945.0,435238.0,414875.0,489835.0,500000.0,487435.0,533613.0,450000.0,512500.0,510394.0,545689.0,590922.0,484890.0,550200.0,502990.0,549990.0,533890.0,594000.0,518286.0,502500.0,579200.0,450000.0,533408.5,502495.0,530667.5,489450.0,525081.0,450000.0,494495.0,499380.0
395070,138,"Savannah, GA",msa,GA,223098.0,223120.0,224000.0,217352.0,228950.0,249935.5,241758.0,224000.0,235020.0,251987.0,236828.0,256900.0,229388.0,240000.0,216222.0,234629.0,221867.5,255000.0,251672.0,257142.0,238250.0,250000.0,246340.0,269936.5,243634.5,241500.0,265400.0,266200.0,253150.0,253900.0,259425.0,274625.0,253147.0,274490.0,273504.0,278165.0,297541.0,259248.0,279900.0,274000.0,268000.0,293465.0,271354.0,279496.0,295000.0,296900.0,308674.0,318825.0,320265.0,347042.0,325350.0,345453.0,340000.0,330990.0,360000.0,359990.0,360000.0,371125.0,376950.0,370990.0,374990.0,377900.0,382742.0,381745.0,373990.0,381300.0,384950.0,381989.5,354285.0,344165.0,384300.0,367660.0,382990.0
395096,141,"Shreveport, LA",msa,LA,,,,,,,,,,,,,,,,,,,,,,,,,,,,,,,,,,,,,,,,,,,,,,261900.0,306000.0,307847.5,291859.0,289199.0,288792.5,319500.0,295027.5,331587.0,287075.0,317500.0,271110.0,283000.0,329600.0,323612.5,301382.5,331900.0,322595.0,331432.5,301850.0,330150.0,335553.0,325020.0,294885.0,299825.0,292985.0,297065.0,294575.0
394875,143,"Montgomery, AL",msa,AL,,,,,,,,,,,,,,,,,,,,,,,,,,,,,,,,,,,,,,,,,,,,,,,,,,,,,,,,,,,,,,351861.0,339900.0,364900.0,369837.5,364901.0,349900.0,347800.0,359900.0,349930.0,335362.0,363788.0,382565.0
395146,145,"Tallahassee, FL",msa,FL,283450.0,276760.0,316750.0,282400.0,316200.0,289000.0,280000.0,281226.5,272900.0,315000.0,275600.0,264900.0,264800.0,267900.0,349950.0,271100.0,255900.0,286200.0,321050.0,275000.0,319397.5,274200.0,275200.0,294900.0,279900.0,292900.0,269900.0,282600.0,278290.0,297400.0,269250.0,272950.0,298900.0,273200.0,295000.0,284200.0,282507.0,305897.0,297485.5,308430.5,296800.0,314900.0,305087.0,318700.0,326450.0,339806.0,324900.0,329900.0,345975.0,364900.0,365000.0,337650.0,350075.0,369900.0,375000.0,355000.0,371775.0,390770.0,359900.0,363000.0,391562.0,379900.0,358275.0,366400.0,384900.0,320000.0,358900.0,320507.5,334037.5,323325.0,359900.0,358500.0,382666.0
394901,147,"Naples, FL",msa,FL,710922.5,493935.0,507637.0,427500.0,427194.5,462490.0,409000.0,409125.0,398484.0,386650.0,450094.0,441647.5,386250.0,418128.0,362848.0,410000.0,416500.0,473290.0,405000.0,440000.0,385000.0,360332.5,390000.0,385000.0,412500.0,343047.0,379000.0,405795.0,447000.0,335000.0,410000.0,452000.0,441000.0,396905.0,473793.0,563450.0,390865.0,500000.0,476810.0,477500.0,506389.0,426554.0,599900.0,465000.0,550000.0,462650.0,546542.0,582147.0,656933.0,505000.0,542670.0,620000.0,644146.0,599900.0,620000.0,649913.0,640000.0,653360.0,608450.0,625000.0,650300.0,569998.0,610000.0,629320.0,645000.0,625000.0,583575.0,584420.0,625755.0,660810.0,590000.0,645000.0,585000.0
394927,149,"Ocala, FL",msa,FL,177300.0,199400.0,208850.0,199700.0,200000.0,199600.0,205150.0,186990.0,214945.0,218400.0,204990.0,205990.0,206100.0,188990.0,196400.0,205000.0,199994.5,206490.0,183250.0,183000.0,178645.0,175000.0,175000.0,192990.0,173900.0,176445.0,167500.0,169950.0,174900.0,175000.0,169900.0,177000.0,179900.0,184950.0,179900.0,199950.0,178100.0,188200.0,192000.0,205995.0,203950.0,216000.0,211376.0,230000.0,248900.0,239000.0,259000.0,261000.0,259900.0,268180.0,283502.5,285000.0,294900.0,302000.0,299900.0,280000.0,297469.0,299900.0,289041.0,296745.0,281445.0,279000.0,287500.0,287645.0,281250.0,288500.0,289000.0,289850.0,289945.0,295990.0,287900.0,298495.0,289000.0
394679,150,"Hickory, NC",msa,NC,,,,,,,,,,,,,,,,,,,,,,,,,,,,,,259500.0,237000.0,260000.0,274000.0,286000.0,297000.0,321195.0,310490.0,251250.0,230000.0,315912.5,252949.0,245000.0,334614.5,262500.0,319535.0,347450.0,353188.0,318800.0,242500.0,271495.0,262575.0,286000.0,337500.0,310000.0,350000.0,329000.0,305000.0,317500.0,337950.0,316644.5,372290.0,312000.0,357372.5,347645.0,363335.0,330000.0,367945.0,356000.0,354500.0,344000.0,360000.0,280495.0,364320.0
394602,152,"Fort Collins, CO",msa,CO,405478.0,415512.5,417668.5,414431.0,405580.0,416765.5,400000.0,412500.0,460000.0,438950.0,442000.0,413500.0,440486.5,414450.0,445320.0,417112.5,415000.0,412500.0,448000.0,449950.0,434875.0,419600.0,437495.0,431077.0,457960.0,416373.0,401951.5,421505.0,415000.0,411415.0,398912.5,424178.5,455000.0,443642.5,425300.0,445400.0,467916.5,440382.5,454085.0,444399.5,470480.0,447851.0,478289.5,483456.0,496008.0,516260.0,529509.0,523967.5,552352.5,570333.0,607991.0,600000.0,600000.0,618037.5,599220.0,585000.0,578530.0,573750.0,592500.0,537487.0,560907.5,520805.5,510320.0,511845.0,498966.0,521695.0,517500.0,522500.0,547617.0,504675.0,502378.0,520131.5,540000.0
394796,154,"Lincoln, NE",msa,NE,275500.0,285795.5,273000.0,284625.0,282900.0,305950.0,322500.0,301475.0,283000.0,277499.0,286250.0,290000.0,309941.0,257000.0,295000.0,313475.0,334950.0,279000.0,283647.5,316291.0,301722.0,328384.5,329136.0,309900.0,322312.5,289533.5,319900.0,316020.0,311000.0,314958.0,327000.0,318000.0,291000.0,325000.0,360500.0,343950.0,321900.0,291160.0,343598.5,338516.0,379332.5,355500.0,347668.5,377585.0,369845.0,392500.0,392025.0,382000.0,383931.5,395864.0,396523.0,393800.0,415000.0,412000.0,409463.5,383030.0,420700.5,384950.0,403500.0,392000.0,429405.0,394000.0,397829.0,390519.0,452276.5,389999.0,410818.0,375000.0,399900.0,399370.0,426650.0,395135.0,409669.5
394622,155,"Gainesville, FL",msa,FL,,,,,,,,,,,314850.0,282154.0,247900.0,262000.0,248900.0,242200.0,249990.0,269990.0,246990.0,292560.0,319732.0,269000.0,296450.0,251671.0,261250.0,265750.0,258202.5,257783.5,244490.0,336530.0,295000.0,298500.0,274990.0,313750.0,289176.0,287495.0,318026.5,320777.0,289551.5,311740.0,362227.5,304200.0,319200.0,353990.0,332500.0,341250.0,317490.0,335000.0,376990.0,326177.5,346990.0,353846.5,363490.0,400577.5,412652.5,415550.0,387557.0,385075.0,385000.0,439750.0,322495.0,332990.0,406645.0,396304.0,379495.0,399530.0,389000.0,399945.0,408870.0,392780.0,409500.0,401495.0,407990.0
394405,156,"Boulder, CO",msa,CO,,,,,,,,,,,,,,,,,,,,,,,,,,,,,,,,,,,,,,,,,,,,,,,,,,,,,,,,,,,,,,,,,,1058225.5,670219.5,806750.0,782000.0,762050.0,658700.0,597500.0,661123.0
395109,160,"Spartanburg, SC",msa,SC,159990.0,160525.0,182087.5,182990.0,175890.0,185000.0,186495.0,191898.0,217945.0,200000.0,197375.0,199900.0,197522.5,183950.0,193000.0,198695.0,204900.0,204846.0,204319.0,210070.5,208966.0,209900.0,200000.0,215250.0,200900.0,209702.5,221247.5,197000.0,217530.0,220900.0,209900.0,217805.0,218830.5,226987.5,224086.0,230416.0,218990.0,215000.0,243000.0,234698.5,231220.0,228700.0,242475.0,240935.0,250000.0,257285.5,254968.0,270652.0,260739.0,279507.0,279950.0,279363.0,288773.0,304225.0,302245.0,304999.0,307990.0,290825.0,313490.0,290745.0,285929.5,288900.0,288195.0,287950.0,300000.0,304900.0,310000.0,288901.5,298400.0,294000.0,286675.0,289900.0,274900.0
394645,161,"Greeley, CO",msa,CO,355850.0,366675.0,380000.0,361047.5,365817.5,372855.0,368680.0,373222.5,366100.0,385000.0,379900.0,385000.0,386219.0,350625.0,359787.5,373873.0,368365.0,375765.0,374738.5,366941.0,383076.0,383076.0,394950.0,390095.0,408182.5,395000.0,400375.0,416050.0,412700.0,419990.0,414900.0,423896.5,435700.0,397780.0,421053.5,427647.0,429950.0,424991.5,442827.5,462045.0,462575.0,481900.0,461224.5,464894.0,473200.0,507100.0,506426.0,513976.0,542128.0,468902.5,525102.5,502628.5,532657.5,535000.0,538080.0,536945.0,501175.0,510000.0,540000.0,523600.0,514900.0,500000.0,510047.5,514995.0,533995.0,539900.0,509900.0,521320.0,519900.0,529500.0,519775.0,515000.0,486190.0
394808,162,"Lubbock, TX",msa,TX,,,,,,,,,,,,,,,,,,,,,,,,,,243450.0,299900.0,292450.0,286450.0,287025.0,296500.0,273225.0,319900.0,351000.0,307500.0,349900.0,362450.0,272970.0,307587.5,268430.5,311425.0,295155.0,302810.0,339000.0,322500.0,335000.0,322811.0,307555.0,295495.0,315000.0,348950.0,355000.0,310500.0,306888.5,334000.0,373000.0,329495.0,310650.0,300000.0,350725.0,324357.5,280200.0,299592.0,325847.0,310000.0,325000.0,308425.0,350815.0,312445.0,294210.0,274035.0,255000.0,279995.0
394471,163,"Clarksville, TN",msa,TN,180000.0,215950.0,189000.0,223025.0,219950.0,239900.0,229900.0,229900.0,219945.0,227500.0,223200.0,247880.0,244900.0,229945.0,240736.0,233600.0,245300.0,244900.0,255395.0,254900.0,259895.0,237000.0,262900.0,260000.0,254900.0,263990.0,257040.0,255500.0,264900.0,269900.0,259400.0,256900.0,254950.0,260900.0,270000.0,265450.0,276900.0,260000.0,262400.0,274900.0,287650.0,286900.0,302848.0,299700.0,322500.0,310000.0,336000.0,336900.0,332700.0,342000.0,340450.0,361900.0,360877.5,351750.0,366000.0,362450.0,365700.0,359900.0,386250.0,331250.0,370000.0,375000.0,335000.0,360000.0,359900.0,334900.0,334900.0,350000.0,311400.0,339900.0,365450.0,341600.0,371250.0
394741,168,"Kennewick, WA",msa,WA,329000.0,336250.5,328807.0,359227.0,344519.5,386097.0,375000.0,399900.0,346200.0,344900.0,338528.5,400006.0,432000.0,339831.0,326825.0,383265.0,372171.0,384997.5,349388.5,401180.5,370322.0,404900.0,427000.0,378000.0,375000.0,354513.5,365000.0,346616.0,323050.0,421195.0,364351.0,414110.0,463125.0,380850.0,356500.0,361800.0,393500.0,387500.0,409500.0,416850.0,415243.5,392850.0,432051.0,454180.0,436997.0,443901.5,462010.5,564000.0,499200.0,539000.0,530007.5,504850.0,488057.5,501450.0,515251.0,527640.5,580261.0,518000.0,539445.0,545102.0,561643.5,523130.0,552900.0,534000.0,518750.0,514155.0,504850.0,482425.0,467320.0,430000.0,504850.0,495000.0,505900.0
394660,170,"Hagerstown, MD",msa,MD,,,,,,,,,,,,,,,,,,,,,,,,,,247450.0,239950.0,232250.0,226700.0,240000.0,224900.0,255000.0,258972.5,269990.0,270000.0,280900.0,294900.0,285000.0,298450.0,287900.0,310000.0,283900.0,316450.0,297470.0,305000.0,318900.0,335190.0,338624.0,330900.0,339990.0,342382.5,319770.0,332500.0,357450.0,393050.0,355000.0,326619.5,372835.0,319990.0,348990.0,312990.0,340000.0,349900.0,322790.0,349995.0,337500.0,353670.0,346372.5,332064.0,344900.0,317450.0,310055.0,316000.0
394937,172,"Olympia, WA",msa,WA,,,,,,,,,,,,,,,,,,,,,,,,,,,,,,,,,,,,,,,,,,,,,,,,,,,,,,,,,,,,,,570500.0,549950.0,549950.0,509980.0,549980.0,596950.0,554995.0,561570.0,447475.0,531385.0,568015.0,550995.0
395229,174,"Wilmington, NC",msa,NC,281500.0,302000.0,295750.0,303332.5,322000.0,314250.0,318000.0,342000.0,311250.0,300000.0,358750.0,362500.0,342000.0,297000.0,300000.0,352450.0,344250.0,325000.0,319000.0,332500.0,351911.0,308657.5,357075.0,358106.5,256637.5,296350.0,310000.0,371670.5,340500.0,319000.0,329900.0,343822.0,341485.0,345000.0,349900.0,320725.0,298025.0,317575.0,344250.0,359000.0,367990.0,336500.0,326494.0,384900.0,367161.0,359990.0,395395.0,421750.0,386490.0,432750.0,388052.0,407060.0,436280.0,471820.0,433900.0,456833.5,468000.0,489900.0,478112.0,507750.0,425057.0,487085.0,501250.0,480000.0,469900.0,495900.0,500055.0,479000.0,522500.0,511444.0,460000.0,448519.0,400000.0
753875,176,"Crestview, FL",msa,FL,339600.0,316000.0,379000.0,312800.0,403000.0,416063.0,347600.0,339900.0,358501.0,330000.0,349900.0,319975.0,281900.0,283900.0,324900.0,340475.0,353020.0,344900.0,338400.0,399800.0,352434.0,328197.5,318300.0,368900.0,349900.0,335950.0,335000.0,369900.0,329500.0,424400.0,449900.0,490150.0,482500.0,414533.5,422616.0,380900.0,342700.0,311786.0,350600.0,411900.0,445000.0,379000.0,369000.0,431364.0,378450.0,475000.0,426900.0,400000.0,459900.0,399495.0,437848.0,398200.0,414100.0,463575.0,479900.0,484644.0,422500.0,459900.0,507800.0,449900.0,425000.0,449000.0,400450.0,419308.5,431000.0,425000.0,394000.0,399900.0,425000.0,400911.5,384920.0,387080.0,404990.0
395197,178,"Waco, TX",msa,TX,,,,,,,,,,,,,,,,,,,,,,,,,,,,,,,,,,,,,,,,,,,,,,,,,,,,,,,,,,,,,,331000.0,354000.0,327755.0,356612.5,290000.0,311500.0,348450.0,295725.0,384750.0,355595.5,357500.0,347130.0
394412,181,"Bremerton, WA",msa,WA,,,,,,,,,,,,,,,,,,,,,,,,,,,,,519950.0,428580.875,481888.0,484000.0,451925.0,472425.0,457500.0,445900.0,468888.0,497500.0,507174.0,509950.0,544950.0,499950.0,525000.0,509950.0,509900.0,512900.0,599950.0,521475.0,585950.0,629975.0,599950.0,644091.0,603237.5,641627.0,629018.5,599900.0,599834.5,666015.0,569970.0,562225.0,593500.0,526156.0,554970.0,629670.5,570017.5,574950.0,599990.0,599990.0,618992.5,605000.0,599970.0,606795.0,566010.5
395171,188,"Tuscaloosa, AL",msa,AL,238137.5,198500.0,362900.0,200835.0,209900.0,225800.0,105000.0,198430.0,214900.0,183000.0,209332.5,258400.0,192900.0,177450.0,200640.0,196595.0,240050.0,207168.0,187900.0,224900.0,262500.0,218395.0,213460.0,223900.0,222400.0,241900.0,224795.0,214800.0,209795.0,249395.0,230545.0,252045.0,249000.0,245295.0,230780.0,267484.0,209900.0,273150.0,277675.0,274900.0,263100.0,256900.0,287500.0,299700.0,284870.5,266147.5,286400.0,271400.0,251697.5,283595.0,298277.5,282100.0,295900.0,317370.0,344900.0,330000.0,322000.0,299900.0,320000.0,301000.0,293697.5,310900.0,304100.0,279900.0,300000.0,301915.0,269900.0,263950.0,259900.0,253145.0,245700.0,254900.0,288900.0
845160,198,"Prescott Valley, AZ",msa,AZ,302954.0,301775.0,321941.0,320816.0,323450.0,320181.0,392574.0,385767.0,384567.0,422774.0,379762.5,347557.0,368816.0,306529.0,337600.0,391619.5,439285.0,407635.0,374900.0,425000.0,399000.0,526997.5,439773.0,421721.0,432000.0,403950.0,417490.0,434001.0,404900.0,433050.0,397075.0,483750.0,422071.0,460048.0,417330.0,477450.0,389237.5,460000.0,457500.0,457900.0,545730.0,508000.0,475000.0,574000.0,670000.0,622077.0,620000.0,505881.5,625000.0,555000.0,670000.0,570312.0,634000.0,501950.0,584321.0,585000.0,602970.5,696740.0,742240.0,736438.0,629518.0,548000.0,599000.0,605386.0,691360.0,505259.5,549000.0,694561.0,535705.0,573211.0,561750.5,586873.0,655000.0
394519,203,"Daphne, AL",msa,AL,235250.0,239900.0,237900.0,263000.0,238000.0,256310.0,243715.0,250000.0,246000.0,229900.0,245371.5,209900.0,216225.0,251250.0,267267.5,226900.0,235500.0,244375.0,233862.5,235837.5,232212.5,295900.0,287245.0,370000.0,273895.0,267175.0,254592.5,242933.0,241450.0,247380.0,262000.0,315400.0,261450.0,270147.5,264500.0,304327.5,255684.0,264200.0,264612.0,295262.5,266675.0,263102.5,289030.0,279875.0,280585.0,301688.5,306180.0,323700.0,310252.0,311505.0,317525.0,321177.5,328355.0,337080.0,359900.0,369110.0,350700.0,339616.0,367755.0,387250.0,357353.0,363410.0,365000.0,390340.0,387540.5,371135.0,350758.0,349990.0,346990.0,369900.0,352546.5,375524.0,368320.0
394848,210,"Medford, OR",msa,OR,,,,,,,,,,,,,,,,,,,,,,,,,,,,,,,,,,,,,,,,,,,,,,,,,,,,,,,,,,,,,,,,,,,,,,,,,444758.5
394459,212,"Charlottesville, VA",msa,VA,,,,,,,,,,,,,,,,,,,,,,,,,,,,,,,,,,337480.0,510169.0,360800.0,489322.0,467345.0,448590.0,442382.5,422389.0,431990.0,450825.0,394227.5,493599.0,442355.0,472674.0,462184.0,495015.0,534882.0,506875.0,526829.0,474862.0,475000.0,486741.0,489508.0,489900.0,500530.5,414840.0,459920.0,481987.0,478930.0,467245.5,479230.0,535000.0,522576.0,494442.0,560000.0,516112.5,449490.0,547100.0,547536.0,522000.0
394681,216,"Hilton Head Island, SC",msa,SC,344733.0,302720.0,272348.0,319900.0,309757.5,312805.0,347000.0,301970.0,293500.0,335870.0,334417.5,298330.0,271995.0,317000.0,272750.0,303990.0,333104.0,363015.0,329995.0,322000.0,342790.0,419182.5,334990.0,364585.0,373248.0,322783.0,353500.0,356352.5,357990.0,375000.0,327140.0,329990.0,324820.0,323945.0,368990.0,372010.0,360000.0,371015.0,331915.0,354595.0,316019.0,362990.0,362411.0,348747.5,355750.0,426620.0,390667.5,396515.0,375437.0,392150.0,422944.0,436303.0,430193.0,416930.0,440107.5,421890.0,414607.5,439990.0,407238.5,425935.0,411000.0,458172.5,440385.0,492495.0,460400.0,455955.0,424155.0,508866.0,467877.5,480037.0,500415.0,507000.0,491758.0
394346,217,"Athens, GA",msa,GA,247500.0,265000.0,315900.0,296816.0,296450.0,298500.0,296834.0,283200.0,217300.0,251650.0,274575.0,280000.0,157875.0,249900.0,278800.0,265000.0,323450.0,279750.0,276450.0,232450.0,324900.0,234900.0,227900.0,250900.0,250950.0,240000.0,247900.0,249900.0,260000.0,238060.0,249900.0,244900.0,264000.0,236900.0,231900.0,249900.0,247900.0,255900.0,266950.0,309455.0,286282.5,316200.0,303553.5,276400.0,299900.0,322450.0,320900.0,329243.0,374900.0,329900.0,349900.0,368500.0,349900.0,389900.0,450000.0,354900.0,408630.0,386715.0,394977.5,391852.5,549900.0,349900.0,369900.0,376570.0,376500.0,365000.0,371900.0,394900.0,399900.0,355000.0,399900.0,401275.0,400000.0
394765,218,"Lake Havasu City, AZ",msa,AZ,188000.0,116625.0,214900.0,229986.0,235000.0,290000.0,275000.0,340437.5,267000.0,255492.5,283222.5,313874.5,307042.0,233772.5,244900.0,282000.0,295000.0,249900.0,359900.0,277555.0,309836.0,279699.0,294000.0,269000.0,252547.5,242267.5,280892.0,279252.0,299000.0,288313.5,319784.0,220240.0,279900.0,246600.0,281270.0,278716.0,265151.0,299000.0,296762.5,250660.0,290000.0,258300.0,285000.0,299450.0,301523.0,319000.0,325000.0,302000.0,278000.0,339900.0,341000.0,319900.0,425000.0,354544.0,374950.0,349900.0,313950.0,334200.0,329000.0,265695.0,295000.0,268384.0,270990.0,332900.0,299000.0,322000.0,369122.5,308103.0,316600.0,330000.0,304990.0,286990.0,348600.0
394623,226,"Gainesville, GA",msa,GA,193900.0,240136.5,255000.0,281400.0,256764.5,239900.0,268405.5,250125.0,275450.0,232500.0,275000.0,286565.0,260000.0,286000.0,268908.0,263074.5,298900.0,297000.0,308000.0,280000.0,267165.0,282862.5,273725.0,299900.0,298500.0,294665.0,288725.0,293990.0,291940.0,297500.0,301559.0,294950.0,291900.0,298957.0,318832.5,318826.0,348912.0,309250.0,323581.0,321329.0,359100.0,350000.0,347805.0,355492.5,358062.5,342200.0,369000.0,413974.5,438900.0,438374.5,463605.5,407900.0,499088.0,551783.0,510035.0,564000.0,388990.0,410500.0,422450.0,390510.0,416500.0,431094.5,440200.0,451694.0,499938.0,458142.5,411505.0,452823.0,406806.0,415168.5,435000.0,437146.0,450000.0
394716,227,"Jacksonville, NC",msa,NC,172000.0,190500.0,201000.0,198000.0,204500.0,200000.0,198500.0,214500.0,239000.0,202000.0,202000.0,208500.0,201000.0,195000.0,202000.0,211000.0,200000.0,218500.0,202000.0,210500.0,199000.0,188000.0,224750.0,226000.0,212000.0,200000.0,213500.0,203000.0,222000.0,219000.0,225250.0,230000.0,233000.0,216500.0,226000.0,267400.0,228500.0,213450.0,238250.0,238500.0,265250.0,245000.0,252995.0,245000.0,242442.5,267900.0,269700.0,273600.0,282000.0,259950.0,286450.0,261000.0,284000.0,299450.0,314000.0,304950.0,300250.0,294550.0,319000.0,324120.0,299990.0,313450.0,324500.0,305000.0,322000.0,326000.0,364000.0,337950.0,343950.0,338000.0,347000.0,338000.0,342000.0
394597,228,"Florence, SC",msa,SC,,,,,,,,,,,,,,,,,,,,,,,,,,,,,,,,,,,,,,,,,270000.0,288700.0,260000.0,218000.0,253489.0,277250.0,235280.0,272740.0,295093.0,235900.0,274269.0,266450.0,282245.0,276750.0,271000.0,287819.5,295145.0,269900.0,299950.0,287428.0,284990.0,293495.0,300080.0,270000.0,279900.0,322445.0,292000.0,302490.0,282900.0,268490.0,269995.0,261490.0,280000.0
394380,232,"Bend, OR",msa,OR,356900.0,345000.0,349950.0,379000.0,402490.0,389900.0,399990.0,412139.0,376474.5,395672.0,382605.0,400000.0,362571.0,409975.0,406697.5,411560.5,434315.0,405786.5,422450.0,451000.0,439277.0,418950.0,416450.0,444495.0,379900.0,383950.0,445945.0,406565.0,414000.0,399995.0,467000.0,493730.0,413995.0,426192.5,455250.0,415000.0,398747.0,405550.0,471640.0,445000.0,443828.0,455238.0,435519.0,506215.0,485000.0,543854.0,484977.0,550815.5,537117.76,587450.0,649150.0,545090.0,555000.0,552505.0,546514.0,659075.0,652790.0,619900.0,649900.0,644737.5,694900.0,569995.0,566995.0,614500.0,607445.0,589995.0,601696.0,655260.5,590000.0,644900.0,680401.0,745153.0,636055.0
395202,234,"Warner Robins, GA",msa,GA,211394.0,209021.0,217888.0,222900.0,227300.0,219900.0,219900.0,219894.0,216900.0,244024.0,256400.0,235000.0,215400.0,227888.0,225388.0,223800.0,219894.0,222586.0,237850.0,216400.0,271200.0,250800.0,235544.0,228500.0,221612.0,265900.0,250900.0,258900.0,227602.5,200685.0,269864.0,244900.0,241413.0,234250.0,263450.0,286400.0,283000.0,268900.0,236990.0,274900.0,248648.0,275900.0,283700.0,255640.0,257600.0,262731.0,257898.0,273464.0,291900.0,278000.0,317500.0,298890.0,317095.5,339350.0,330050.0,365450.0,299900.0,284995.0,308776.5,328850.0,306405.0,347450.0,291885.0,307975.0,339200.0,304900.0,295600.0,295125.0,297192.0,297900.0,299000.0,291000.0,307900.0
395009,237,"Punta Gorda, FL",msa,FL,209450.0,225000.0,230950.0,255125.0,309000.0,237475.0,227500.0,219000.0,221900.0,242350.0,269487.5,239650.0,213972.5,234850.0,239900.0,230000.0,225000.0,219615.0,232000.0,227000.0,237665.0,238995.0,244400.0,246800.0,234070.0,230195.0,250837.5,249000.0,229975.0,229900.0,239150.0,256854.0,237995.0,274900.0,257711.0,258250.0,258122.5,306975.0,269900.0,285400.0,255459.0,289945.0,303292.5,299500.0,328450.0,317000.0,349900.0,370000.0,350000.0,349900.0,349900.0,359900.0,363348.0,359900.0,374900.0,394000.0,375000.0,389900.0,420000.0,389450.0,367795.0,361968.5,359000.0,368145.0,365000.0,373500.0,372900.0,362000.0,359999.0,380490.0,379949.5,354945.0,346015.0
394960,242,"Panama City, FL",msa,FL,230037.5,251700.0,239850.0,239000.0,262500.0,260500.0,246337.5,263900.0,312000.0,258250.0,285000.0,265000.0,276600.0,254900.0,249900.0,277500.0,265000.0,265000.0,261700.0,282900.0,315715.0,315000.0,282500.0,291276.0,306000.0,300000.0,289875.0,282021.0,271400.0,268100.0,268400.0,259137.5,271100.0,301337.5,280237.5,283662.5,260162.5,283175.0,280687.5,327250.0,339200.0,330492.5,368997.0,373000.0,351575.0,335922.0,349000.0,342509.0,350141.5,344100.0,343556.0,349850.0,389188.5,379900.0,358700.0,384977.0,445000.0,410700.0,402400.0,409900.0,417450.0,364900.0,429900.0,416200.0,386000.0,355900.0,379939.0,389900.0,386700.0,375000.0,410535.0,359900.0,355000.0
394351,253,"Auburn, AL",msa,AL,,,,,,,,,,,,,,,,,,,,,,,,,,,,,300950.0,295388.0,274900.0,276123.5,278900.0,276000.0,348934.5,324900.0,316537.0,282134.5,288300.0,293599.5,304654.0,320150.0,299000.0,314429.5,336457.0,326153.0,327013.0,348200.0,294538.0,337500.0,315235.0,344047.0,382392.0,383624.5,345803.0,351745.0,352113.5,386900.0,409025.0,380925.0,430000.0,372689.5,359000.0,365400.0,372427.0,417086.0,415529.0,362962.0,364000.0,389900.0,397350.0,392597.0,375400.0
394651,259,"Greenville, NC",msa,NC,,,,,,,,,,,,,,,,,,,,,,,,224530.0,200750.0,228252.5,226500.0,241000.0,227415.0,259900.0,253366.5,245900.0,241055.0,268530.0,228565.0,246500.0,287400.0,266125.0,266090.0,280197.5,275612.5,280132.5,299900.0,292198.0,287637.5,292990.0,291650.0,309750.0,305832.5,311990.0,311900.0,311890.0,313730.0,342900.0,339000.0,342450.0,329500.0,334432.5,328995.0,332639.0,320950.0,303995.0,306990.0,332500.0,367820.0,329600.0,341500.0,355000.0,308115.0,341300.0,304065.0,315469.5,281100.0
394428,260,"Burlington, NC",msa,NC,,,,,,,,,,,,,,,,,,,,,,,,,,,,,,,,,,,,,,,,,,,,,,,,,,,,,,,,,,,,,,,362440.0,350140.0,358565.0,354990.0,319949.0,349012.5,357581.0,354550.0,360000.0,367500.0,367900.0
394685,289,"Homosassa Springs, FL",msa,FL,,,,,,,,,,,,,,,,,,,,,,,,,,,,,,,,,,,243800.0,190990.0,184900.0,190000.0,200995.0,204995.0,220000.0,222450.0,237300.0,279000.0,243900.0,230000.0,241500.0,229900.0,235495.0,250000.0,251990.0,270000.0,260000.0,269900.0,279900.0,292400.0,278450.0,275990.0,273155.0,284500.0,286000.0,269900.0,269950.0,287300.0,270590.0,269990.0,270000.0,285000.0,282989.5,294990.0,277445.0,294495.0,287500.0
395036,303,"Rocky Mount, NC",msa,NC,,,,,,,,,,,,,,,,,,,,,,,,,,,,,,,,,,,,,,,,,,,,,,,,,,,,,,,,,,,,,,,276500.0,309450.0,297595.0,316045.0,301750.0,301950.0,304950.0,299997.0,288240.0,301995.0,309949.5
395094,319,"Sherman, TX",msa,TX,,,,,,,,,,,,,,,,,,,,,,,,,,,,,,,,,,,,,,,,,,,,,,390000.0,340000.0,340000.0,413933.0,268500.0,402887.0,329495.0,360080.5,400215.0,406271.5,366853.0,477500.0,460000.0,379290.0,354290.0,353895.0,341187.5,343800.0,337746.5,345000.0,439000.0,365000.0,385000.0,376995.0,343990.0,399000.0,347570.0,380000.0
394905,341,"New Bern, NC",msa,NC,,,,,,,,,,,,,,,,,,,,,,,,,,,,,,,,,,,,221250.0,222495.0,223020.0,237500.0,237000.0,242500.0,247000.0,247250.0,252500.0,248250.0,271390.0,290490.0,268490.0,335000.0,287745.0,310450.0,296540.0,292225.0,320000.0,323565.0,330040.0,312400.0,308000.0,313750.0,320328.0,337000.0,344490.0,336490.0,324870.0,324000.0,332490.0,356000.0,343700.0,355000.0,337000.0,324000.0,325000.0,304014.5
753912,398,"Pinehurst, NC",msa,NC,253526.0,269900.0,269500.0,295000.0,309950.0,315000.0,292500.0,293313.0,295407.0,289500.0,306000.0,285000.0,274950.0,264450.0,315500.0,289950.0,302274.0,270000.0,325750.0,303500.0,303500.0,289582.0,302528.0,322642.0,295000.0,295705.5,326000.0,318466.0,309737.5,329400.0,313060.0,331670.0,310000.0,351067.0,328452.0,338530.0,295417.5,322615.0,333000.0,316250.0,321350.0,333900.0,320500.0,385673.0,395000.0,390000.0,399500.0,416000.0,365289.5,431626.0,385000.0,435000.0,373000.0,459800.0,417250.0,447516.0,442500.0,427475.0,431950.0,389950.0,376495.0,415800.0,427450.0,420000.0,419000.0,414250.0,446620.0,435000.0,373590.0,442000.0,369000.0,443405.0,356349.5
394682,449,"Hinesville, GA",msa,GA,,,,,,,,,,,,,,,,,,,,,,,,,,,,,,,,,,,,,,,220995.0,223060.0,220900.0,219370.0,217925.0,256797.5,241995.0,264744.5,244838.5,255000.0,241700.0,265000.0,279946.0,283618.5,304395.0,308472.5,277925.0,293200.0,289990.0,279438.0,285650.0,258650.0,270700.0,251500.0,257000.0,266137.5,266400.0,268897.5,276100.0,287741.0,269100.0,268900.0,271440.0,271742.5,284187.5
394674,467,"Heber, UT",msa,UT,,,,,,,,,,,,,,,,,,,,,,,,,,,,,,1325000.0,2347500.0,1345000.0,1626504.0,1263500.0,1177036.5,929000.0,600000.0,773841.0,1032106.25,1023809.0,798802.0,1013260.0,969000.0,794900.0,1117690.0,1900000.0,1295000.0,1375000.0,1325000.0,1120000.0,1525000.0,1049000.0,1620475.0,1549630.0,1594682.0,1227969.0,1298173.0,1170012.5,1556965.0,1578105.0,1476468.0,1300000.0,1171372.5,1275000.0,1053344.5,1444589.0,1651248.0,1209756.5,1832500.0,1753279.0,1200000.0,1300772.0,1380639.5
753893,477,"Jefferson, GA",msa,GA,215000.0,204900.0,236450.0,225065.0,239900.0,220178.0,210450.0,198900.0,264795.5,238000.0,219000.0,250242.5,247274.0,239545.0,274400.0,267720.5,277450.0,246303.0,247614.0,245290.0,266575.5,239890.0,259900.0,245695.0,263462.5,270703.0,254900.0,259540.0,283000.0,276200.0,292900.0,291311.0,276512.0,299202.0,298006.0,314577.0,305970.0,301445.0,295917.5,308025.0,279740.0,272400.0,282290.0,313925.0,324800.0,308825.0,358000.0,399990.0,399990.0,438192.0,375000.0,382000.0,410000.0,454995.0,418017.5,429400.0,499450.0,450000.0,415407.0,404900.0,385400.0,390000.0,406590.0,437382.5,401557.5,410700.0,405945.0,425000.0,432981.0,421838.0,429950.0,415618.0,396000.0
395063,522,"Sanford, NC",msa,NC,,,,,,,,,,,,,,,,,,,,,,,,,,,,,,,,,,,,,,,,,,,,,,,,,,,,,,,,,,,,,,,,,,,,,,,,312075.0,321578.0
395122,576,"St. Marys, GA",msa,GA,,,,,,,,,,,,,,,,,,,,,,,,,,,,,,,,,,,,,,,,,,,,,,,,,,,,,,,,,,,,,,,,,,,,395600.0,373195.0,310600.0,354510.0,373900.0,352900.0
